<?xml version="1.0" encoding="UTF-8"?>
<department>
    <employee id="J.D">
        <name>
            <family>Doe</family>
            <given>John</given>
        </name>
        <email>John.Doe@foo.ibm.com</email>
    </employee>
    <employee id="B.S">
        <name>
            <family>Bob</family>
            <given>Smith</given>
        </name>
        <email>Bob.Smith@foo.com</email>
    </employee>
    <employee id="A.M">
        <name>
            <family>Alice</family>
            <given>Miller</given>
        </name>
        <url href="http://www.trl.jp.ibm.com/~amiller/"/>
    </employee>
    <employee id="T.S">
        <email>ted.smith@sunopsis.com</email>
    </employee>
</department>
