<?xml version="1.0" encoding="UTF-8"?>
<employee>
	<person salary="3600" id="Big.Boss">
		<name>
			<family>boss</family>
			<given>Big</given>
		</name>
		<email>chief@foo.com</email>
		<link subordinates="five.worker four.worker three.worker two.worker one.worker">
		</link>
	</person>
	<person salary="1400" id="one.worker">
		<name>
			<family>worker</family>
			<given>One</given>
		</name>
		<email>one@foo.com</email>
		<link manager="Big.Boss">
		</link>
	</person>
	<person salary="1400" id="two.worker">
		<name>
			<family>worker</family>
			<given>Two</given>
		</name>
		<email>two@foo.com</email>
		<link manager="Big.Boss">
		</link>
	</person>
	<person salary="1400" id="three.worker">
		<name>
			<family>worker</family>
			<given>Three</given>
		</name>
		<email>three@foo.com</email>
		<link manager="Big.Boss">
		</link>
	</person>
	<person salary="1400" id="four.worker">
		<name>
			<family>worker</family>
			<given>Four</given>
		</name>
		<email>four@foo.com</email>
		<link manager="Big.Boss">
		</link>
	</person>
	<person salary="1750" id="five.worker">
		<name>
			<family>worker</family>
			<given>Five</given>
		</name>
		<email>five@foo.com</email>
		<link manager="Big.Boss">
		</link>
	</person>
</employee>
