<?xml version="1.0" encoding="UTF-8"?>
<GEOGRAPHY_DIM>
    <country COUNTRY_ID="6" COUNTRY_NAME="Autralia">
        <region REGION_ID="72" REGION_NAME="Queensland">
            <city CITY_ID="63" CITY_NAME="Brisbane" POPULATION="505179"/>
            <city CITY_ID="64" CITY_NAME="Gold Coast" POPULATION="575174"/>
        </region>
        <region REGION_ID="70" REGION_NAME="South Wales">
            <city CITY_ID="61" CITY_NAME="Canberra" POPULATION="353288"/>
            <city CITY_ID="60" CITY_NAME="Sidney" POPULATION="890962"/>
        </region>
        <region REGION_ID="71" REGION_NAME="Victoria">
            <city CITY_ID="62" CITY_NAME="Melbourne" POPULATION="857478"/>
        </region>
    </country>
    <country COUNTRY_ID="2" COUNTRY_NAME="France">
        <region REGION_ID="31" REGION_NAME="French Alps">
            <city CITY_ID="24" CITY_NAME="Grenoble" POPULATION="488825">
                <client ADRESS="12 allee Victor Hugo" AGE="42.0"
                    CLIENT_ID="204.0" FIRST_NAME="Martin" LAST_NAME="Christine"/>
            </city>
            <city CITY_ID="23" CITY_NAME="Lyon" POPULATION="689978">
                <client ADRESS="197 impasse Renoir" AGE="22.0"
                    CLIENT_ID="202.0" FIRST_NAME="Michaud" LAST_NAME="Philippe"/>
            </city>
            <city CITY_ID="25" CITY_NAME="Albertville" POPULATION="959909">
                <client ADRESS="71 rue Rousseau" AGE="19.0"
                    CLIENT_ID="201.0" FIRST_NAME="Sartois" LAST_NAME="Jean"/>
                <client ADRESS="17montee des Chenes" AGE="67.0"
                    CLIENT_ID="206.0" FIRST_NAME="Gentil" LAST_NAME="Michele"/>
            </city>
        </region>
        <region REGION_ID="33" REGION_NAME="Normandy"/>
        <region REGION_ID="30" REGION_NAME="Paris">
            <city CITY_ID="22" CITY_NAME="Fontainebleau" POPULATION="285559"/>
            <city CITY_ID="21" CITY_NAME="Versailles" POPULATION="625097"/>
        </region>
        <region REGION_ID="32" REGION_NAME="Provence">
            <city CITY_ID="27" CITY_NAME="Nice" POPULATION="482282"/>
            <city CITY_ID="28" CITY_NAME="Marseilles" POPULATION="702646"/>
            <city CITY_ID="29" CITY_NAME="Bordeaux" POPULATION="898032">
                <client ADRESS="38 allee des Saules" AGE="56.0"
                    CLIENT_ID="205.0" FIRST_NAME="Piaget" LAST_NAME="Luc"/>
            </city>
        </region>
    </country>
    <country COUNTRY_ID="4" COUNTRY_NAME="Germany">
        <region REGION_ID="61" REGION_NAME="Bavaria">
            <city CITY_ID="52" CITY_NAME="Munich" POPULATION="122893">
                <client ADRESS="Auf dem Rain 4" AGE="24.0"
                    CLIENT_ID="402.0" FIRST_NAME="Schiller" LAST_NAME="Jurgen"/>
            </city>
            <city CITY_ID="56" CITY_NAME="Augsburg" POPULATION="912298">
                <client ADRESS="Berliner Ring 56" AGE="63.0"
                    CLIENT_ID="406.0" FIRST_NAME="Titzman" LAST_NAME="Silke"/>
            </city>
        </region>
        <region REGION_ID="62" REGION_NAME="East Germany">
            <city CITY_ID="53" CITY_NAME="Dresden" POPULATION="139454">
                <client ADRESS="Thomashof 22" AGE="36.0"
                    CLIENT_ID="403.0" FIRST_NAME="Durnstein" LAST_NAME="Adolph"/>
            </city>
            <city CITY_ID="55" CITY_NAME="Berlin" POPULATION="590032">
                <client ADRESS="Am Holzbach 17" AGE="59.0"
                    CLIENT_ID="405.0" FIRST_NAME="Schultz" LAST_NAME="Herbert"/>
                <client ADRESS="Yorkstraße 75" AGE="72.0"
                    CLIENT_ID="407.0" FIRST_NAME="Reinman" LAST_NAME="Heineke"/>
            </city>
            <city CITY_ID="54" CITY_NAME="Magdeburg" POPULATION="790080">
                <client ADRESS="Goethering 33" AGE="45.0"
                    CLIENT_ID="404.0" FIRST_NAME="Weimar" LAST_NAME="Hans"/>
            </city>
        </region>
        <region REGION_ID="60" REGION_NAME="Ruhr">
            <city CITY_ID="51" CITY_NAME="Cologne" POPULATION="502180">
                <client ADRESS="Wiesenstraße 40" AGE="18.0"
                    CLIENT_ID="401.0" FIRST_NAME="Diemers" LAST_NAME="Erika"/>
            </city>
            <city CITY_ID="50" CITY_NAME="Dusseldorf" POPULATION="999826"/>
        </region>
    </country>
    <country COUNTRY_ID="3" COUNTRY_NAME="Great Britain">
        <region REGION_ID="43" REGION_NAME="England">
            <city CITY_ID="36" CITY_NAME="Oxford" POPULATION="270262">
                <client ADRESS="34 Apple Grove" AGE="68.0"
                    CLIENT_ID="306.0" FIRST_NAME="Jones" LAST_NAME="Mary"/>
            </city>
            <city CITY_ID="37" CITY_NAME="Manchester" POPULATION="455126"/>
            <city CITY_ID="35" CITY_NAME="London" POPULATION="69042">
                <client ADRESS="68 Downing Street" AGE="18.0"
                    CLIENT_ID="301.0" FIRST_NAME="Edwards" LAST_NAME="Caroline"/>
                <client ADRESS="10 Hamilton Park" AGE="56.0"
                    CLIENT_ID="305.0" FIRST_NAME="Keegan" LAST_NAME="Hariett"/>
            </city>
        </region>
        <region REGION_ID="42" REGION_NAME="Northern Ireland">
            <city CITY_ID="33" CITY_NAME="Belfast" POPULATION="715052">
                <client ADRESS="28 Sutton Row" AGE="34.0"
                    CLIENT_ID="303.0" FIRST_NAME="Wilson" LAST_NAME="John"/>
            </city>
            <city CITY_ID="34" CITY_NAME="Londonderry" POPULATION="734127">
                <client ADRESS="45 Glenthorne Road" AGE="47.0"
                    CLIENT_ID="304.0" FIRST_NAME="McCartney" LAST_NAME="George"/>
            </city>
        </region>
        <region REGION_ID="41" REGION_NAME="Scotland">
            <city CITY_ID="31" CITY_NAME="Glasgow" POPULATION="59540"/>
            <city CITY_ID="32" CITY_NAME="Edinburgh" POPULATION="952500">
                <client ADRESS="290 Yorkshire Drive" AGE="29.0"
                    CLIENT_ID="302.0" FIRST_NAME="Marlow" LAST_NAME="Justin"/>
            </city>
        </region>
        <region REGION_ID="40" REGION_NAME="Wales">
            <city CITY_ID="38" CITY_NAME="Cardiff" POPULATION="643">
                <client ADRESS="The Gables" AGE="73.0" CLIENT_ID="307.0"
                    FIRST_NAME="Hopkins" LAST_NAME="Priscilla"/>
            </city>
            <city CITY_ID="30" CITY_NAME="Swansea" POPULATION="788193"/>
        </region>
    </country>
    <country COUNTRY_ID="5" COUNTRY_NAME="Japan">
        <region REGION_ID="80" REGION_NAME="East Japan">
            <city CITY_ID="71" CITY_NAME="Yokohama" POPULATION="725821">
                <client ADRESS="70 Kiroto Street" AGE="24.0"
                    CLIENT_ID="502.0" FIRST_NAME="Kamata" LAST_NAME="Mariko"/>
            </city>
            <city CITY_ID="70" CITY_NAME="Tokyo" POPULATION="992823">
                <client ADRESS="941 Toyota Ave" AGE="18.0"
                    CLIENT_ID="501.0" FIRST_NAME="Arai" LAST_NAME="Toshihijo"/>
                <client ADRESS="2435 Toyota Ave" AGE="45.0"
                    CLIENT_ID="504.0" FIRST_NAME="Makino" LAST_NAME="Tatsuo"/>
                <client ADRESS="94 Toyota Blvd" AGE="68.0"
                    CLIENT_ID="506.0" FIRST_NAME="Oneda" LAST_NAME="Kenji"/>
            </city>
        </region>
        <region REGION_ID="81" REGION_NAME="West Japan">
            <city CITY_ID="72" CITY_NAME="Osaka" POPULATION="501768">
                <client ADRESS="34 Kawasaki Avenue" AGE="38.0"
                    CLIENT_ID="503.0" FIRST_NAME="Kamimura" LAST_NAME="Satoru"/>
            </city>
            <city CITY_ID="73" CITY_NAME="Kyoto" POPULATION="78899">
                <client ADRESS="59 Yamamoto Blvd" AGE="59.0"
                    CLIENT_ID="505.0" FIRST_NAME="Mukumoto" LAST_NAME="Masayuki"/>
            </city>
            <city CITY_ID="74" CITY_NAME="Kobe" POPULATION="81758">
                <client ADRESS="3 Toyota Ave" AGE="74.0"
                    CLIENT_ID="507.0" FIRST_NAME="Okumura" LAST_NAME="Isao"/>
            </city>
        </region>
    </country>
    <country COUNTRY_ID="7" COUNTRY_NAME="Nederland">
        <region REGION_ID="51" REGION_NAME="North Holland">
            <city CITY_ID="41" CITY_NAME="Utrecht" POPULATION="183244"/>
            <city CITY_ID="40" CITY_NAME="Amsterdam" POPULATION="522347"/>
        </region>
        <region REGION_ID="50" REGION_NAME="South Holland">
            <city CITY_ID="43" CITY_NAME="Eindhoven" POPULATION="116158"/>
            <city CITY_ID="42" CITY_NAME="Rotterdam" POPULATION="851329"/>
        </region>
    </country>
    <country COUNTRY_ID="1" COUNTRY_NAME="USA">
        <region REGION_ID="22" REGION_NAME="East Coast">
            <city CITY_ID="107" CITY_NAME="New York City" POPULATION="124434">
                <client ADRESS="10 Jasper Blvd." AGE="19.0"
                    CLIENT_ID="101.0" FIRST_NAME="Brendt" LAST_NAME="Paul"/>
            </city>
            <city CITY_ID="18" CITY_NAME="Boston" POPULATION="275581"/>
            <city CITY_ID="19" CITY_NAME="Washington D.C." POPULATION="688002">
                <client ADRESS="64 Imagination Drive" AGE="74.0"
                    CLIENT_ID="107.0" FIRST_NAME="Swenson" LAST_NAME="Jack"/>
            </city>
        </region>
        <region REGION_ID="23" REGION_NAME="Mid West">
            <city CITY_ID="16" CITY_NAME="Memphis" POPULATION="580075"/>
            <city CITY_ID="15" CITY_NAME="Chicago" POPULATION="616472">
                <client ADRESS="2890 Grant Avenue" AGE="64.0"
                    CLIENT_ID="106.0" FIRST_NAME="Baker" LAST_NAME="William"/>
            </city>
        </region>
        <region REGION_ID="20" REGION_NAME="South">
            <city CITY_ID="10" CITY_NAME="Houston" POPULATION="743113"/>
            <city CITY_ID="11" CITY_NAME="Dallas" POPULATION="822416">
                <client ADRESS="27 Pasadena Drive" AGE="29.0"
                    CLIENT_ID="102.0" FIRST_NAME="McCarthy" LAST_NAME="Robin"/>
            </city>
        </region>
        <region REGION_ID="21" REGION_NAME="West">
            <city CITY_ID="12" CITY_NAME="San Francisco" POPULATION="157574">
                <client ADRESS="7835 Hartford Drive" AGE="34.0"
                    CLIENT_ID="103.0" FIRST_NAME="Travis" LAST_NAME="Peter"/>
            </city>
            <city CITY_ID="13" CITY_NAME="Los Angeles" POPULATION="743878">
                <client ADRESS="87 Carmel Blvd." AGE="45.0"
                    CLIENT_ID="104.0" FIRST_NAME="Larson" LAST_NAME="Joe"/>
            </city>
            <city CITY_ID="14" CITY_NAME="San Diego" POPULATION="840689">
                <client ADRESS="91 Torre drive" AGE="55.0"
                    CLIENT_ID="105.0" FIRST_NAME="Goldschmidt" LAST_NAME="Tony"/>
            </city>
        </region>
    </country>
</GEOGRAPHY_DIM>
