<?xml version="1.0" encoding="UTF-8"?>
<data_set type="Workbook">
  <attribute name="name">
    <value>PGAD</value>
  </attribute>
  <attribute name="Label">
    <value>Profile Administration</value>
  </attribute>
  <attribute name="WorkbookGroup">
    <value>Curve</value>
  </attribute>
  <attribute name="WorkbookLib">
    <value>RdfTemplates</value>
  </attribute>
  <attribute name="WorkbookType">
    <value>RdfDynamicTemplate</value>
  </attribute>
  <attribute name="IsWizardOnly">
    <value>false</value>
  </attribute>
  <attribute name="IsImageEnabled">
    <value>false</value>
  </attribute>
  <attribute name="RuleSet">
    <value>PGAD</value>
  </attribute>
  <attribute name="LoadRules">
    <value>PGADM_load</value>
  </attribute>
  <attribute name="CommitRules">
    <value>PGADM_commit</value>
  </attribute>
  <attribute name="CalcRules">
    <value>PGADM_calc</value>
  </attribute>
  <attribute name="RefreshRules">
    <value>PGADM_refresh</value>
  </attribute>
  <attribute name="IsUseDefaults">
    <value>true</value>
  </attribute>
  <attribute name="DpmDimensions">
    <value></value>
  </attribute>
  <attribute name="IsCustomWizard">
    <value>true</value>
  </attribute>
  <attribute name="properties">
    <value>propertymap</value>
    <value>maxmeas</value>
    <value>action</value>
    <value>creator</value>
    <value>maxdb</value>
  </attribute>
  <attribute name="propertymap">
    <value>"TRUE", "TRUE"</value>
  </attribute>
  <attribute name="maxmeas">
    <value>100</value>
  </attribute>
  <attribute name="action">
    <value>"SetPicklist TRUE pgdefmaskXL PROPERTY SourceLevelsList", "ShowPositionsForWindow WINPGAD1 CLVL FinalLevel"</value>
  </attribute>
  <attribute name="creator">
    <value>Curve</value>
  </attribute>
  <attribute name="maxdb">
    <value>100</value>
  </attribute>
  <data_model type="AxisInfo">
    <attribute name="name">
      <value>AxisInfo</value>
    </attribute>
    <attribute name="DATAAxis">
      <value>XAxis</value>
    </attribute>
    <attribute name="DATAOrder">
      <value>0</value>
    </attribute>
    <attribute name="MEASAxis">
      <value>YAxis</value>
    </attribute>
    <attribute name="MEASOrder">
      <value>0</value>
    </attribute>
  </data_model>
  <data_model type="Wizards">
    <attribute name="name">
      <value>Wizards</value>
    </attribute>
    <data_model type="CustomWizard">
      <attribute name="name">
        <value> pgad </value>
      </attribute>
    </data_model>
  </data_model>
  <data_model type="WorkbookTabs">
    <attribute name="name">
      <value>WorkbookTabs</value>
    </attribute>
    <data_model type="WorkbookTab">
      <attribute name="name">
        <value>PGAD_Tab01</value>
      </attribute>
      <attribute name="Label">
        <value>Profile Administration</value>
      </attribute>
      <data_model type="Worksheets">
        <attribute name="name">
          <value>Worksheets</value>
        </attribute>
        <data_model type="Worksheet">
          <attribute name="name">
            <value>winpgad1</value>
          </attribute>
          <attribute name="Label">
            <value>Profile Parameter Worksheet</value>
          </attribute>
          <attribute name="WorksheetIntersection">
            <value>clvl_pgrp</value>
          </attribute>
          <attribute name="IsUseDefaultAxis">
            <value>false</value>
          </attribute>
          <attribute name="properties">
            <value>subst_measure</value>
            <value>subst_yaxis</value>
            <value>subst_xaxis</value>
            <value>subst_intxpartdim</value>
          </attribute>
          <data_model type="Profiles">
            <attribute name="name">
              <value>Profiles</value>
            </attribute>
            <data_model type="Profile">
              <attribute name="name">
                <value>Viewable</value>
              </attribute>
              <attribute name="Label">
                <value>Viewable</value>
              </attribute>
              <attribute name="Measures">
                <value>pgdataXL</value>
                <value>pgdefapmthXL</value>
                <value>pgdefmaskXL</value>
                <value>pgdefpheXL</value>
                <value>pgdefphsXL</value>
                <value>pgdeftweXL</value>
                <value>pgdeftwsXL</value>
                <value>pgmthtwXL</value>
                <value>pgnvXL</value>
                <value>pgrenormXL</value>
                <value>proftypepXL</value>
                <value>systwlenXL</value>
                <value>adprofXL</value>
              </attribute>
              <attribute name="MeasureName">
                <value>pgdataXL</value>
                <value>pgdefapmthXL</value>
                <value>pgdefmaskXL</value>
                <value>pgdefpheXL</value>
                <value>pgdefphsXL</value>
                <value>pgdeftweXL</value>
                <value>pgdeftwsXL</value>
                <value>pgmthtwXL</value>
                <value>pgnvXL</value>
                <value>pgrenormXL</value>
                <value>proftypepXL</value>
                <value>systwlenXL</value>
                <value>adprofXL</value>
              </attribute>
            </data_model>
            <data_model type="Profile">
              <attribute name="name">
                <value>Default</value>
              </attribute>
              <attribute name="Label">
                <value>Default</value>
              </attribute>
              <attribute name="Measures">
                <value>pgdataXL</value>
                <value>pgdefapmthXL</value>
                <value>pgdefmaskXL</value>
                <value>pgdefpheXL</value>
                <value>pgdefphsXL</value>
                <value>pgdeftweXL</value>
                <value>pgdeftwsXL</value>
                <value>pgmthtwXL</value>
                <value>pgnvXL</value>
                <value>pgrenormXL</value>
                <value>proftypepXL</value>
                <value>systwlenXL</value>
                <value>adprofXL</value>
              </attribute>
              <attribute name="MeasureName">
                <value>pgdataXL</value>
                <value>pgdefapmthXL</value>
                <value>pgdefmaskXL</value>
                <value>pgdefpheXL</value>
                <value>pgdefphsXL</value>
                <value>pgdeftweXL</value>
                <value>pgdeftwsXL</value>
                <value>pgmthtwXL</value>
                <value>pgnvXL</value>
                <value>pgrenormXL</value>
                <value>proftypepXL</value>
                <value>systwlenXL</value>
                <value>adprofXL</value>
              </attribute>
            </data_model>
          </data_model>
          <data_model type="AxisInfo">
            <attribute name="name">
              <value>AxisInfo</value>
            </attribute>
            <attribute name="DATAAxis">
              <value>XAxis</value>
            </attribute>
            <attribute name="DATAOrder">
              <value>0</value>
            </attribute>
            <attribute name="MEASAxis">
              <value>YAxis</value>
            </attribute>
            <attribute name="MEASOrder">
              <value>0</value>
            </attribute>
            <attribute name="PRODAxis">
              <value>ZAxis</value>
            </attribute>
            <attribute name="PRODOrder">
              <value>0</value>
            </attribute>
          </data_model>
          <data_model type="PositionQueries">
            <attribute name="name">
              <value>PositionQueries</value>
            </attribute>
          </data_model>
          <data_model type="StyleORs">
            <attribute name="name">
              <value>StyleORs</value>
            </attribute>
          </data_model>
        </data_model>
        <data_model type="Worksheet">
          <attribute name="name">
            <value>winpgad2</value>
          </attribute>
          <attribute name="Label">
            <value>Profile and Source Level Intersection Worksheet</value>
          </attribute>
          <attribute name="WorksheetIntersection">
            <value>clvl</value>
          </attribute>
          <attribute name="IsUseDefaultAxis">
            <value>false</value>
          </attribute>
          <attribute name="properties">
            <value>subst_measure</value>
            <value>subst_yaxis</value>
            <value>subst_intersection</value>
            <value>subst_xaxis</value>
          </attribute>
          <data_model type="Profiles">
            <attribute name="name">
              <value>Profiles</value>
            </attribute>
            <data_model type="Profile">
              <attribute name="name">
                <value>Viewable</value>
              </attribute>
              <attribute name="Label">
                <value>Viewable</value>
              </attribute>
              <attribute name="Measures">
                <value>prfaggintXL</value>
                <value>prfaprvintXL</value>
                <value>prfintXL</value>
                <value>strintXL</value>
              </attribute>
              <attribute name="MeasureName">
                <value>prfaggintXL</value>
                <value>prfaprvintXL</value>
                <value>prfintXL</value>
                <value>strintXL</value>
              </attribute>
            </data_model>
            <data_model type="Profile">
              <attribute name="name">
                <value>Default</value>
              </attribute>
              <attribute name="Label">
                <value>Default</value>
              </attribute>
              <attribute name="Measures">
                <value>prfaggintXL</value>
                <value>prfaprvintXL</value>
                <value>prfintXL</value>
                <value>strintXL</value>
              </attribute>
              <attribute name="MeasureName">
                <value>prfaggintXL</value>
                <value>prfaprvintXL</value>
                <value>prfintXL</value>
                <value>strintXL</value>
              </attribute>
            </data_model>
          </data_model>
          <data_model type="AxisInfo">
            <attribute name="name">
              <value>AxisInfo</value>
            </attribute>
            <attribute name="DATAAxis">
              <value>XAxis</value>
            </attribute>
            <attribute name="DATAOrder">
              <value>0</value>
            </attribute>
            <attribute name="MEASAxis">
              <value>YAxis</value>
            </attribute>
            <attribute name="MEASOrder">
              <value>0</value>
            </attribute>
          </data_model>
          <data_model type="PositionQueries">
            <attribute name="name">
              <value>PositionQueries</value>
            </attribute>
          </data_model>
          <data_model type="StyleORs">
            <attribute name="name">
              <value>StyleORs</value>
            </attribute>
          </data_model>
        </data_model>
      </data_model>
    </data_model>
  </data_model>
  <data_model type="DynHiers">
    <attribute name="name">
      <value>DynHiers</value>
    </attribute>
  </data_model>
  <data_model type="EditedMeasures">
    <attribute name="name">
      <value>EditedMeasures</value>
    </attribute>
  </data_model>
</data_set>
