<?xml version="1.0" encoding="UTF-8"?>
<data_set type="Workbook">
  <attribute name="name">
    <value>PGRB</value>
  </attribute>
  <attribute name="Label">
    <value>Run Batch Profile</value>
  </attribute>
  <attribute name="WorkbookGroup">
    <value>Curve</value>
  </attribute>
  <attribute name="WorkbookLib">
    <value>RdfTemplates</value>
  </attribute>
  <attribute name="WorkbookType">
    <value>RdfActionTemplate</value>
  </attribute>
  <attribute name="IsWizardOnly">
    <value>true</value>
  </attribute>
  <attribute name="IsImageEnabled">
    <value>false</value>
  </attribute>
  <attribute name="DpmDimensions">
    <value></value>
  </attribute>
  <attribute name="IsCustomWizard">
    <value>true</value>
  </attribute>
  <attribute name="properties">
    <value>propertymap</value>
    <value>maxmeas</value>
    <value>creator</value>
    <value>maxdb</value>
  </attribute>
  <attribute name="propertymap">
    <value>"CanOpenInGlobal", "false"</value>
  </attribute>
  <attribute name="maxmeas">
    <value>100</value>
  </attribute>
  <attribute name="creator">
    <value>Curve</value>
  </attribute>
  <attribute name="maxdb">
    <value>100</value>
  </attribute>
  <data_model type="AxisInfo">
    <attribute name="name">
      <value>AxisInfo</value>
    </attribute>
    <attribute name="MEASAxis">
      <value>XAxis</value>
    </attribute>
    <attribute name="MEASOrder">
      <value>0</value>
    </attribute>
  </data_model>
  <data_model type="Wizards">
    <attribute name="name">
      <value>Wizards</value>
    </attribute>
    <data_model type="CustomWizard">
      <attribute name="name">
        <value> pgrb </value>
      </attribute>
    </data_model>
  </data_model>
  <data_model type="WorkbookTabs">
    <attribute name="name">
      <value>WorkbookTabs</value>
    </attribute>
  </data_model>
  <data_model type="DynHiers">
    <attribute name="name">
      <value>DynHiers</value>
    </attribute>
  </data_model>
  <data_model type="EditedMeasures">
    <attribute name="name">
      <value>EditedMeasures</value>
    </attribute>
  </data_model>
</data_set>
