insert into rainy_user_position(user_id,position_id) values('R8505312039',86);
insert into rainy_user_position(user_id,position_id) values('R4730622002',85);
insert into rainy_user_position(user_id,position_id) values('R8910080027',97);
insert into rainy_user_position(user_id,position_id) values('R8004196611',86);
insert into rainy_user_position(user_id,position_id) values('R8307187010',85);
insert into rainy_user_position(user_id,position_id) values('R7112311912',85);
insert into rainy_user_position(user_id,position_id) values('R7210170018',86);
insert into rainy_user_position(user_id,position_id) values('R8306240343',86);
insert into rainy_user_position(user_id,position_id) values('R8904257453',86);
insert into rainy_user_position(user_id,position_id) values('R8910172663',86);
insert into rainy_user_position(user_id,position_id) values('R7504010325',86);
insert into rainy_user_position(user_id,position_id) values('R890216967X',95);
insert into rainy_user_position(user_id,position_id) values('R8809275928',85);
insert into rainy_user_position(user_id,position_id) values('R7410241539',86);
insert into rainy_user_position(user_id,position_id) values('R8311241869',86);
insert into rainy_user_position(user_id,position_id) values('R8008148186',86);
---------------------------------------
insert into rainy_user_merch(user_id,merch) values('R8505312039','25');
insert into rainy_user_merch(user_id,merch) values('R8505312039','26');
insert into rainy_user_merch(user_id,merch) values('R8505312039','29');
insert into rainy_user_merch(user_id,merch) values('R4730622002','27');
insert into rainy_user_merch(user_id,merch) values('R4730622002','31');
insert into rainy_user_merch(user_id,merch) values('R4730622002','32');
insert into rainy_user_merch(user_id,merch) values('R4730622002','33');
insert into rainy_user_merch(user_id,merch) values('R4730622002','34');
insert into rainy_user_merch(user_id,merch) values('R4730622002','35');
insert into rainy_user_merch(user_id,merch) values('R4730622002','36');
insert into rainy_user_merch(user_id,merch) values('R4730622002','37');
insert into rainy_user_merch(user_id,merch) values('R4730622002','38');
insert into rainy_user_merch(user_id,merch) values('R4730622002','39');
insert into rainy_user_merch(user_id,merch) values('R4730622002','40');
insert into rainy_user_merch(user_id,merch) values('R4730622002','41');
insert into rainy_user_merch(user_id,merch) values('R4730622002','42');
insert into rainy_user_merch(user_id,merch) values('R8910080027','ALL');
insert into rainy_user_merch(user_id,merch) values('R8004196611','27');
insert into rainy_user_merch(user_id,merch) values('R8004196611','33');
insert into rainy_user_merch(user_id,merch) values('R8004196611','38');
insert into rainy_user_merch(user_id,merch) values('R8307187010','27');
insert into rainy_user_merch(user_id,merch) values('R8307187010','31');
insert into rainy_user_merch(user_id,merch) values('R8307187010','32');
insert into rainy_user_merch(user_id,merch) values('R8307187010','33');
insert into rainy_user_merch(user_id,merch) values('R8307187010','34');
insert into rainy_user_merch(user_id,merch) values('R8307187010','35');
insert into rainy_user_merch(user_id,merch) values('R8307187010','36');
insert into rainy_user_merch(user_id,merch) values('R8307187010','37');
insert into rainy_user_merch(user_id,merch) values('R8307187010','38');
insert into rainy_user_merch(user_id,merch) values('R8307187010','39');
insert into rainy_user_merch(user_id,merch) values('R8307187010','40');
insert into rainy_user_merch(user_id,merch) values('R8307187010','41');
insert into rainy_user_merch(user_id,merch) values('R8307187010','42');
insert into rainy_user_merch(user_id,merch) values('R7112311912','76');
insert into rainy_user_merch(user_id,merch) values('R7210170018','31');
insert into rainy_user_merch(user_id,merch) values('R7210170018','34');
insert into rainy_user_merch(user_id,merch) values('R7210170018','39');
insert into rainy_user_merch(user_id,merch) values('R7210170018','42');
insert into rainy_user_merch(user_id,merch) values('R8306240343','36');
insert into rainy_user_merch(user_id,merch) values('R8306240343','37');
insert into rainy_user_merch(user_id,merch) values('R8904257453','27');
insert into rainy_user_merch(user_id,merch) values('R8904257453','33');
insert into rainy_user_merch(user_id,merch) values('R8904257453','38');
insert into rainy_user_merch(user_id,merch) values('R8910172663','25');
insert into rainy_user_merch(user_id,merch) values('R8910172663','26');
insert into rainy_user_merch(user_id,merch) values('R8910172663','29');
insert into rainy_user_merch(user_id,merch) values('R7504010325','35');
insert into rainy_user_merch(user_id,merch) values('R7504010325','42');
insert into rainy_user_merch(user_id,merch) values('R890216967X','ALL');
insert into rainy_user_merch(user_id,merch) values('R8809275928','12');
insert into rainy_user_merch(user_id,merch) values('R8809275928','13');
insert into rainy_user_merch(user_id,merch) values('R8809275928','14');
insert into rainy_user_merch(user_id,merch) values('R8809275928','15');
insert into rainy_user_merch(user_id,merch) values('R8809275928','16');
insert into rainy_user_merch(user_id,merch) values('R8809275928','17');
insert into rainy_user_merch(user_id,merch) values('R8809275928','18');
insert into rainy_user_merch(user_id,merch) values('R8809275928','19');
insert into rainy_user_merch(user_id,merch) values('R8809275928','21');
insert into rainy_user_merch(user_id,merch) values('R8809275928','22');
insert into rainy_user_merch(user_id,merch) values('R8809275928','23');
insert into rainy_user_merch(user_id,merch) values('R8809275928','24');
insert into rainy_user_merch(user_id,merch) values('R8809275928','25');
insert into rainy_user_merch(user_id,merch) values('R8809275928','26');
insert into rainy_user_merch(user_id,merch) values('R8809275928','29');
insert into rainy_user_merch(user_id,merch) values('R7410241539','21');
insert into rainy_user_merch(user_id,merch) values('R7410241539','22');
insert into rainy_user_merch(user_id,merch) values('R7410241539','23');
insert into rainy_user_merch(user_id,merch) values('R7410241539','24');
insert into rainy_user_merch(user_id,merch) values('R8311241869','21');
insert into rainy_user_merch(user_id,merch) values('R8311241869','22');
insert into rainy_user_merch(user_id,merch) values('R8311241869','23');
insert into rainy_user_merch(user_id,merch) values('R8311241869','24');
insert into rainy_user_merch(user_id,merch) values('R8008148186','12');
insert into rainy_user_merch(user_id,merch) values('R8008148186','13');
insert into rainy_user_merch(user_id,merch) values('R8008148186','14');
insert into rainy_user_merch(user_id,merch) values('R8008148186','15');
insert into rainy_user_merch(user_id,merch) values('R8008148186','16');
insert into rainy_user_merch(user_id,merch) values('R8008148186','17');
insert into rainy_user_merch(user_id,merch) values('R8008148186','18');
insert into rainy_user_merch(user_id,merch) values('R8008148186','19');
------------------------------
insert into rainy_user_loc (user_id,loc)values('R8505312039','118001');

insert into rainy_user_loc (user_id,loc)values('R8505312039','118005');
insert into rainy_user_loc (user_id,loc)values('R8505312039','118011');
insert into rainy_user_loc (user_id,loc)values('R8505312039','118012');
insert into rainy_user_loc (user_id,loc)values('R8505312039','120056');
insert into rainy_user_loc (user_id,loc)values('R4730622002','120045');
insert into rainy_user_loc (user_id,loc)values('R8910080027','120045');
insert into rainy_user_loc (user_id,loc)values('R8004196611','120082');
insert into rainy_user_loc (user_id,loc)values('R8307187010','120186');
insert into rainy_user_loc (user_id,loc)values('R7112311912','120186');
insert into rainy_user_loc (user_id,loc)values('R7210170018','120186');
insert into rainy_user_loc (user_id,loc)values('R8306240343','120186');
insert into rainy_user_loc (user_id,loc)values('R8904257453','120186');
insert into rainy_user_loc (user_id,loc)values('R8910172663','120186');
insert into rainy_user_loc (user_id,loc)values('R7504010325','120186');
insert into rainy_user_loc (user_id,loc)values('R890216967X','118001');
insert into rainy_user_loc (user_id,loc)values('R890216967X','118005');
insert into rainy_user_loc (user_id,loc)values('R890216967X','118011');
insert into rainy_user_loc (user_id,loc)values('R890216967X','118012');
insert into rainy_user_loc (user_id,loc)values('R890216967X','120120');
insert into rainy_user_loc (user_id,loc)values('R8809275928','120186');
insert into rainy_user_loc (user_id,loc)values('R7410241539','120186');
insert into rainy_user_loc (user_id,loc)values('R8311241869','120186');
insert into rainy_user_loc (user_id,loc)values('R8008148186','120186');
