<?xml version="1.0" encoding="UTF-8"?>
<data_set type="com.retek.ride.rule.newmodel.RuleGroup">
  <attribute name="name">
    <value>Causaldatasource</value>
  </attribute>
  <attribute name="description">
    <value>a rule group</value>
  </attribute>
  <attribute name="role">
    <value>user</value>
  </attribute>
  <data_model type="com.retek.ride.rule.newmodel.Rule">
    <attribute name="name">
      <value>SLCCaus_datasrc1</value>
    </attribute>
    <attribute name="description">
      <value>a rule</value>
    </attribute>
    <attribute name="creator">
      <value>user</value>
    </attribute>
    <data_model type="java.lang.String">
      <attribute name="name">
        <value>E0</value>
      </attribute>
      <attribute name="formula">
        <value>LSOVER:slccausover, LS:slccausadj &lt;- preprocess(SRC:pos, METHODID:4, lstoday:lstoday, NPTS:1043, OUTAGE:rdfpromoind, UP_ADJ_RATIO:0.0)</value>
      </attribute>
    </data_model>
  </data_model>
  <data_model type="com.retek.ride.rule.newmodel.Rule">
    <attribute name="name">
      <value>SLCCaus_datasrc2</value>
    </attribute>
    <attribute name="description">
      <value>a rule</value>
    </attribute>
    <attribute name="creator">
      <value>user</value>
    </attribute>
    <data_model type="java.lang.String">
      <attribute name="name">
        <value>E0</value>
      </attribute>
      <attribute name="formula">
        <value>slccaussrc=causslcros-slccausadj</value>
      </attribute>
    </data_model>
  </data_model>
</data_set>
