<?xml version="1.0" encoding="UTF-8"?>
<data_set type="com.retek.ride.rule.newmodel.RuleGroup">
  <attribute name="name">
    <value>Clone_Adj_Run</value>
  </attribute>
  <attribute name="description">
    <value>a rule group</value>
  </attribute>
  <attribute name="role">
    <value>user</value>
  </attribute>
  <data_model type="com.retek.ride.rule.newmodel.Rule">
    <attribute name="name">
      <value>Run_Clone_Adj</value>
    </attribute>
    <attribute name="description">
      <value>a rule</value>
    </attribute>
    <attribute name="creator">
      <value>user</value>
    </attribute>
    <data_model type="java.lang.String">
      <attribute name="name">
        <value>E0</value>
      </attribute>
      <attribute name="formula">
        <value>DEST:clnadj&lt;-ClonePostProc(SALESHIST:pos, NPERSSLSTHRSHLD:clnslsprdXLXB, MASKMEAS:clnAdjMask, NPERSCALCRAT:clnclcprdXLXB, ADJRATIO:clnalphaXLXB)</value>
      </attribute>
    </data_model>
  </data_model>
</data_set>
