<?xml version="1.0" encoding="UTF-8"?>
<data_set type="Workbook">
  <attribute name="name">
    <value>clrev</value>
  </attribute>
  <attribute name="Label">
    <value>Cluster Review</value>
  </attribute>
  <attribute name="WorkbookGroup">
    <value>Grade</value>
  </attribute>
  <attribute name="WorkbookLib">
    <value>RdfTemplates</value>
  </attribute>
  <attribute name="WorkbookType">
    <value>RdfDynamicTemplate</value>
  </attribute>
  <attribute name="IsWizardOnly">
    <value>false</value>
  </attribute>
  <attribute name="IsImageEnabled">
    <value>false</value>
  </attribute>
  <attribute name="RuleSet">
    <value>clrev</value>
  </attribute>
  <attribute name="LoadRules">
    <value>clrev_load</value>
  </attribute>
  <attribute name="CommitRules">
    <value>clrev_commit</value>
  </attribute>
  <attribute name="CalcRules">
    <value>clrev_calc</value>
  </attribute>
  <attribute name="RefreshRules">
    <value>clrev_refresh</value>
  </attribute>
  <attribute name="IsUseDefaults">
    <value>true</value>
  </attribute>
  <attribute name="DpmDimensions">
    <value></value>
  </attribute>
  <attribute name="IsCustomWizard">
    <value>true</value>
  </attribute>
  <attribute name="properties">
    <value>propertymap</value>
    <value>CREATOR</value>
  </attribute>
  <attribute name="propertymap">
    <value>"CanOpenInGlobal", "false", "SelBirthVar","", "BirthIndMeasVar", "clvd_GBRT_", "BirthTokenVar", "_GBRT_", "ClusterMethodName", "", "GroupByIntVar", "", "ClusterHierVar", "", "ClusterOverHierVar", "", "FirstClusterIndex", "-1", "TRUE", "TRUE", "FALSE", "FALSE"</value>
  </attribute>
  <attribute name="CREATOR">
    <value>Grade</value>
  </attribute>
  <data_model type="AxisInfo">
    <attribute name="name">
      <value>AxisInfo</value>
    </attribute>
    <attribute name="MEASAxis">
      <value>YAxis</value>
    </attribute>
    <attribute name="MEASOrder">
      <value>0</value>
    </attribute>
  </data_model>
  <data_model type="Wizards">
    <attribute name="name">
      <value>Wizards</value>
    </attribute>
    <data_model type="CustomWizard">
      <attribute name="name">
        <value> clrev </value>
      </attribute>
    </data_model>
  </data_model>
  <data_model type="WorkbookTabs">
    <attribute name="name">
      <value>WorkbookTabs</value>
    </attribute>
    <data_model type="WorkbookTab">
      <attribute name="name">
        <value>ClrevS1T1</value>
      </attribute>
      <attribute name="Label">
        <value>Cluster Input Summary</value>
      </attribute>
      <data_model type="Worksheets">
        <attribute name="name">
          <value>Worksheets</value>
        </attribute>
        <data_model type="Worksheet">
          <attribute name="name">
            <value>Worksheet0</value>
          </attribute>
          <attribute name="Label">
            <value>Summary</value>
          </attribute>
          <attribute name="WorksheetIntersection">
            <value>pgrp</value>
          </attribute>
          <attribute name="IsUseDefaultAxis">
            <value>false</value>
          </attribute>
          <attribute name="properties">
            <value>subst_measure</value>
            <value>subst_intersection</value>
          </attribute>
          <data_model type="Profiles">
            <attribute name="name">
              <value>Profiles</value>
            </attribute>
            <data_model type="Profile">
              <attribute name="name">
                <value>Viewable</value>
              </attribute>
              <attribute name="Label">
                <value>Viewable</value>
              </attribute>
              <attribute name="Measures">
                <value>clnumWORKBOOK</value>
                <value>clodWORKBOOK</value>
                <value>clnamWORKBOOK</value>
                <value>clmthWORKBOOK</value>
                <value>clmWORKBOOK</value>
                <value>cldWORKBOOK</value>
                <value>clbgiWORKBOOK</value>
              </attribute>
              <attribute name="MeasureName">
                <value>clnumWORKBOOK</value>
                <value>clodWORKBOOK</value>
                <value>clnamWORKBOOK</value>
                <value>clmthWORKBOOK</value>
                <value>clmWORKBOOK</value>
                <value>cldWORKBOOK</value>
                <value>clbgiWORKBOOK</value>
              </attribute>
            </data_model>
            <data_model type="Profile">
              <attribute name="name">
                <value>Default</value>
              </attribute>
              <attribute name="Label">
                <value>Default</value>
              </attribute>
              <attribute name="Measures">
                <value>clnumWORKBOOK</value>
                <value>clodWORKBOOK</value>
                <value>clnamWORKBOOK</value>
                <value>clmthWORKBOOK</value>
                <value>clmWORKBOOK</value>
                <value>cldWORKBOOK</value>
                <value>clbgiWORKBOOK</value>
              </attribute>
              <attribute name="MeasureName">
                <value>clnumWORKBOOK</value>
                <value>clodWORKBOOK</value>
                <value>clnamWORKBOOK</value>
                <value>clmthWORKBOOK</value>
                <value>clmWORKBOOK</value>
                <value>cldWORKBOOK</value>
                <value>clbgiWORKBOOK</value>
              </attribute>
            </data_model>
          </data_model>
          <data_model type="AxisInfo">
            <attribute name="name">
              <value>AxisInfo</value>
            </attribute>
            <attribute name="MEASAxis">
              <value>YAxis</value>
            </attribute>
            <attribute name="MEASOrder">
              <value>0</value>
            </attribute>
            <attribute name="PRODAxis">
              <value>ZAxis</value>
            </attribute>
            <attribute name="PRODOrder">
              <value>0</value>
            </attribute>
          </data_model>
          <data_model type="PositionQueries">
            <attribute name="name">
              <value>PositionQueries</value>
            </attribute>
          </data_model>
          <data_model type="StyleORs">
            <attribute name="name">
              <value>StyleORs</value>
            </attribute>
          </data_model>
        </data_model>
      </data_model>
    </data_model>
  </data_model>
  <data_model type="DynHiers">
    <attribute name="name">
      <value>DynHiers</value>
    </attribute>
  </data_model>
  <data_model type="EditedMeasures">
    <attribute name="name">
      <value>EditedMeasures</value>
    </attribute>
  </data_model>
</data_set>
