<?xml version="1.0" encoding="UTF-8"?>
<data_set type="Workbook">
  <attribute name="name">
    <value>clruncl</value>
  </attribute>
  <attribute name="Label">
    <value>Generate Clusters</value>
  </attribute>
  <attribute name="WorkbookGroup">
    <value>Grade</value>
  </attribute>
  <attribute name="WorkbookLib">
    <value>RdfTemplates</value>
  </attribute>
  <attribute name="WorkbookType">
    <value>RdfDynamicTemplate</value>
  </attribute>
  <attribute name="IsWizardOnly">
    <value>true</value>
  </attribute>
  <attribute name="IsImageEnabled">
    <value>false</value>
  </attribute>
  <attribute name="DpmDimensions">
    <value></value>
  </attribute>
  <attribute name="IsCustomWizard">
    <value>true</value>
  </attribute>
  <attribute name="properties">
    <value>propertymap</value>
    <value>CREATOR</value>
  </attribute>
  <attribute name="propertymap">
    <value>"CanOpenInGlobal", "false", "SrcMeasListVar", "GradeSrcMeas", "SrcMeasVar", "", "SrcIntVar", "", "ClusterDimVar", "", "ClusterOverDimVar", "", "ClusterGroupIntVar", "", "BirthVar", "", "NameVar", "", "NumberVar", ""</value>
  </attribute>
  <attribute name="CREATOR">
    <value>Grade</value>
  </attribute>
  <data_model type="AxisInfo">
    <attribute name="name">
      <value>AxisInfo</value>
    </attribute>
    <attribute name="MEASAxis">
      <value>XAxis</value>
    </attribute>
    <attribute name="MEASOrder">
      <value>0</value>
    </attribute>
  </data_model>
  <data_model type="Wizards">
    <attribute name="name">
      <value>Wizards</value>
    </attribute>
    <data_model type="CustomWizard">
      <attribute name="name">
        <value> clruncl </value>
      </attribute>
    </data_model>
  </data_model>
  <data_model type="WorkbookTabs">
    <attribute name="name">
      <value>WorkbookTabs</value>
    </attribute>
  </data_model>
  <data_model type="DynHiers">
    <attribute name="name">
      <value>DynHiers</value>
    </attribute>
  </data_model>
  <data_model type="EditedMeasures">
    <attribute name="name">
      <value>EditedMeasures</value>
    </attribute>
  </data_model>
</data_set>
