<?xml version="1.0" encoding="UTF-8"?>
<data_set type="com.retek.ride.measure.model.NativeMeasureSet">
  <attribute name="name">
    <value>NativeMeasures</value>
  </attribute>
  <data_model type="com.retek.ride.measure.model.NativeMeasure">
    <attribute name="name">
      <value>#INHERITED#cfgmask</value>
    </attribute>
    <attribute name="baseint">
      <value>GRCD_pgrp</value>
    </attribute>
    <attribute name="creator">
      <value>Grade</value>
    </attribute>
    <attribute name="signature">
      <value>#INHERITED#cfgmask</value>
    </attribute>
    <attribute name="rollups">
      <value>GMTR,GMTRcfgmask</value>
    </attribute>
  </data_model>
  <data_model type="com.retek.ride.measure.model.NativeMeasure">
    <attribute name="name">
      <value>#INHERITED#claggWORKBOOK</value>
    </attribute>
    <attribute name="baseint">
      <value>pgrp</value>
    </attribute>
    <attribute name="insertable">
      <value>false</value>
    </attribute>
    <attribute name="creator">
      <value>Grade</value>
    </attribute>
    <attribute name="signature">
      <value>#INHERITED#clagg WORKBOOK</value>
    </attribute>
    <attribute name="rollups">
      <value>GMTR,GMTRclagg,GBRT,GBRTWORKBOOK</value>
    </attribute>
  </data_model>
  <data_model type="com.retek.ride.measure.model.NativeMeasure">
    <attribute name="name">
      <value>#INHERITED#clagg_B</value>
    </attribute>
    <attribute name="baseint">
      <value>pgrp</value>
    </attribute>
    <attribute name="insertable">
      <value>false</value>
    </attribute>
    <attribute name="creator">
      <value>Grade</value>
    </attribute>
    <attribute name="signature">
      <value>#INHERITED#clagg _B</value>
    </attribute>
    <attribute name="rollups">
      <value>GMTR,GMTRclagg,GBRT,GBRT_B</value>
    </attribute>
  </data_model>
  <data_model type="com.retek.ride.measure.model.NativeMeasure">
    <attribute name="name">
      <value>#INHERITED#clbgiWORKBOOK</value>
    </attribute>
    <attribute name="baseint">
      <value>pgrp</value>
    </attribute>
    <attribute name="insertable">
      <value>false</value>
    </attribute>
    <attribute name="creator">
      <value>Grade</value>
    </attribute>
    <attribute name="signature">
      <value>#INHERITED#clbgi WORKBOOK</value>
    </attribute>
    <attribute name="rollups">
      <value>GMTR,GMTRclbgi,GBRT,GBRTWORKBOOK</value>
    </attribute>
  </data_model>
  <data_model type="com.retek.ride.measure.model.NativeMeasure">
    <attribute name="name">
      <value>#INHERITED#clbgi_B</value>
    </attribute>
    <attribute name="baseint">
      <value>pgrp</value>
    </attribute>
    <attribute name="insertable">
      <value>false</value>
    </attribute>
    <attribute name="creator">
      <value>Grade</value>
    </attribute>
    <attribute name="signature">
      <value>#INHERITED#clbgi _B</value>
    </attribute>
    <attribute name="rollups">
      <value>GMTR,GMTRclbgi,GBRT,GBRT_B</value>
    </attribute>
  </data_model>
  <data_model type="com.retek.ride.measure.model.NativeMeasure">
    <attribute name="name">
      <value>#INHERITED#cldWORKBOOK</value>
    </attribute>
    <attribute name="baseint">
      <value>pgrp</value>
    </attribute>
    <attribute name="insertable">
      <value>false</value>
    </attribute>
    <attribute name="creator">
      <value>Grade</value>
    </attribute>
    <attribute name="signature">
      <value>#INHERITED#cld WORKBOOK</value>
    </attribute>
    <attribute name="rollups">
      <value>GMTR,GMTRcld,GBRT,GBRTWORKBOOK</value>
    </attribute>
  </data_model>
  <data_model type="com.retek.ride.measure.model.NativeMeasure">
    <attribute name="name">
      <value>#INHERITED#cld_B</value>
    </attribute>
    <attribute name="baseint">
      <value>pgrp</value>
    </attribute>
    <attribute name="insertable">
      <value>false</value>
    </attribute>
    <attribute name="creator">
      <value>Grade</value>
    </attribute>
    <attribute name="signature">
      <value>#INHERITED#cld _B</value>
    </attribute>
    <attribute name="rollups">
      <value>GMTR,GMTRcld,GBRT,GBRT_B</value>
    </attribute>
  </data_model>
  <data_model type="com.retek.ride.measure.model.NativeMeasure">
    <attribute name="name">
      <value>#INHERITED#clmWORKBOOK</value>
    </attribute>
    <attribute name="baseint">
      <value>pgrp</value>
    </attribute>
    <attribute name="insertable">
      <value>false</value>
    </attribute>
    <attribute name="creator">
      <value>Grade</value>
    </attribute>
    <attribute name="signature">
      <value>#INHERITED#clm WORKBOOK</value>
    </attribute>
    <attribute name="rollups">
      <value>GMTR,GMTRclm,GBRT,GBRTWORKBOOK</value>
    </attribute>
  </data_model>
  <data_model type="com.retek.ride.measure.model.NativeMeasure">
    <attribute name="name">
      <value>#INHERITED#clm_B</value>
    </attribute>
    <attribute name="baseint">
      <value>pgrp</value>
    </attribute>
    <attribute name="insertable">
      <value>false</value>
    </attribute>
    <attribute name="creator">
      <value>Grade</value>
    </attribute>
    <attribute name="signature">
      <value>#INHERITED#clm _B</value>
    </attribute>
    <attribute name="rollups">
      <value>GMTR,GMTRclm,GBRT,GBRT_B</value>
    </attribute>
  </data_model>
  <data_model type="com.retek.ride.measure.model.NativeMeasure">
    <attribute name="name">
      <value>#INHERITED#clmthWORKBOOK</value>
    </attribute>
    <attribute name="baseint">
      <value>pgrp</value>
    </attribute>
    <attribute name="insertable">
      <value>false</value>
    </attribute>
    <attribute name="creator">
      <value>Grade</value>
    </attribute>
    <attribute name="signature">
      <value>#INHERITED#clmth WORKBOOK</value>
    </attribute>
    <attribute name="rollups">
      <value>GMTR,GMTRclmth,GBRT,GBRTWORKBOOK</value>
    </attribute>
  </data_model>
  <data_model type="com.retek.ride.measure.model.NativeMeasure">
    <attribute name="name">
      <value>#INHERITED#clmth_B</value>
    </attribute>
    <attribute name="baseint">
      <value>pgrp</value>
    </attribute>
    <attribute name="insertable">
      <value>false</value>
    </attribute>
    <attribute name="creator">
      <value>Grade</value>
    </attribute>
    <attribute name="signature">
      <value>#INHERITED#clmth _B</value>
    </attribute>
    <attribute name="rollups">
      <value>GMTR,GMTRclmth,GBRT,GBRT_B</value>
    </attribute>
  </data_model>
  <data_model type="com.retek.ride.measure.model.NativeMeasure">
    <attribute name="name">
      <value>#INHERITED#clnamWORKBOOK</value>
    </attribute>
    <attribute name="baseint">
      <value>pgrp</value>
    </attribute>
    <attribute name="insertable">
      <value>false</value>
    </attribute>
    <attribute name="creator">
      <value>Grade</value>
    </attribute>
    <attribute name="signature">
      <value>#INHERITED#clnam WORKBOOK</value>
    </attribute>
    <attribute name="rollups">
      <value>GMTR,GMTRclnam,GBRT,GBRTWORKBOOK</value>
    </attribute>
  </data_model>
  <data_model type="com.retek.ride.measure.model.NativeMeasure">
    <attribute name="name">
      <value>#INHERITED#clnam_B</value>
    </attribute>
    <attribute name="baseint">
      <value>pgrp</value>
    </attribute>
    <attribute name="insertable">
      <value>false</value>
    </attribute>
    <attribute name="creator">
      <value>Grade</value>
    </attribute>
    <attribute name="signature">
      <value>#INHERITED#clnam _B</value>
    </attribute>
    <attribute name="rollups">
      <value>GMTR,GMTRclnam,GBRT,GBRT_B</value>
    </attribute>
  </data_model>
  <data_model type="com.retek.ride.measure.model.NativeMeasure">
    <attribute name="name">
      <value>#INHERITED#clnumWORKBOOK</value>
    </attribute>
    <attribute name="baseint">
      <value>pgrp</value>
    </attribute>
    <attribute name="insertable">
      <value>false</value>
    </attribute>
    <attribute name="creator">
      <value>Grade</value>
    </attribute>
    <attribute name="signature">
      <value>#INHERITED#clnum WORKBOOK</value>
    </attribute>
    <attribute name="rollups">
      <value>GMTR,GMTRclnum,GBRT,GBRTWORKBOOK</value>
    </attribute>
  </data_model>
  <data_model type="com.retek.ride.measure.model.NativeMeasure">
    <attribute name="name">
      <value>#INHERITED#clnum_B</value>
    </attribute>
    <attribute name="baseint">
      <value>pgrp</value>
    </attribute>
    <attribute name="insertable">
      <value>false</value>
    </attribute>
    <attribute name="creator">
      <value>Grade</value>
    </attribute>
    <attribute name="signature">
      <value>#INHERITED#clnum _B</value>
    </attribute>
    <attribute name="rollups">
      <value>GMTR,GMTRclnum,GBRT,GBRT_B</value>
    </attribute>
  </data_model>
  <data_model type="com.retek.ride.measure.model.NativeMeasure">
    <attribute name="name">
      <value>#INHERITED#clodWORKBOOK</value>
    </attribute>
    <attribute name="baseint">
      <value>pgrp</value>
    </attribute>
    <attribute name="insertable">
      <value>false</value>
    </attribute>
    <attribute name="creator">
      <value>Grade</value>
    </attribute>
    <attribute name="signature">
      <value>#INHERITED#clod WORKBOOK</value>
    </attribute>
    <attribute name="rollups">
      <value>GMTR,GMTRclod,GBRT,GBRTWORKBOOK</value>
    </attribute>
  </data_model>
  <data_model type="com.retek.ride.measure.model.NativeMeasure">
    <attribute name="name">
      <value>#INHERITED#clod_B</value>
    </attribute>
    <attribute name="baseint">
      <value>pgrp</value>
    </attribute>
    <attribute name="insertable">
      <value>false</value>
    </attribute>
    <attribute name="creator">
      <value>Grade</value>
    </attribute>
    <attribute name="signature">
      <value>#INHERITED#clod _B</value>
    </attribute>
    <attribute name="rollups">
      <value>GMTR,GMTRclod,GBRT,GBRT_B</value>
    </attribute>
  </data_model>
  <data_model type="com.retek.ride.measure.model.NativeMeasure">
    <attribute name="name">
      <value>#INHERITED#gcfg</value>
    </attribute>
    <attribute name="baseint">
      <value>CLST_GRCD_pgrp</value>
    </attribute>
    <attribute name="creator">
      <value>Grade</value>
    </attribute>
    <attribute name="signature">
      <value>#INHERITED#gcfg</value>
    </attribute>
    <attribute name="rollups">
      <value>GMTR,GMTRgcfg</value>
    </attribute>
  </data_model>
  <data_model type="com.retek.ride.measure.model.NativeMeasure">
    <attribute name="name">
      <value>#INHERITED#gradesrcmeas</value>
    </attribute>
    <attribute name="naval">
      <value>dpos,pos</value>
    </attribute>
    <attribute name="baseint">
      <value>pgrp</value>
    </attribute>
    <attribute name="creator">
      <value>Grade</value>
    </attribute>
    <attribute name="signature">
      <value>#INHERITED#gradesrcmeas</value>
    </attribute>
    <attribute name="rollups">
      <value>GTMP,GTMPgradesrcmeas</value>
    </attribute>
  </data_model>
  <data_model type="com.retek.ride.measure.model.NativeMeasure">
    <attribute name="name">
      <value>#INHERITED#gradetmpbool</value>
    </attribute>
    <attribute name="baseint">
      <value>pgrp</value>
    </attribute>
    <attribute name="creator">
      <value>Grade</value>
    </attribute>
    <attribute name="signature">
      <value>#INHERITED#gradetmpbool</value>
    </attribute>
    <attribute name="rollups">
      <value>GTMP,GTMPgradetmpbool</value>
    </attribute>
  </data_model>
  <data_model type="com.retek.ride.measure.model.NativeMeasure">
    <attribute name="name">
      <value>#INHERITED#gradetmpint</value>
    </attribute>
    <attribute name="baseint">
      <value>pgrp</value>
    </attribute>
    <attribute name="creator">
      <value>Grade</value>
    </attribute>
    <attribute name="signature">
      <value>#INHERITED#gradetmpint</value>
    </attribute>
    <attribute name="rollups">
      <value>GTMP,GTMPgradetmpint</value>
    </attribute>
  </data_model>
  <data_model type="com.retek.ride.measure.model.NativeMeasure">
    <attribute name="name">
      <value>#INHERITED#gradetmpreal</value>
    </attribute>
    <attribute name="baseint">
      <value>pgrp</value>
    </attribute>
    <attribute name="creator">
      <value>Grade</value>
    </attribute>
    <attribute name="signature">
      <value>#INHERITED#gradetmpreal</value>
    </attribute>
    <attribute name="rollups">
      <value>GTMP,GTMPgradetmpreal</value>
    </attribute>
  </data_model>
  <data_model type="com.retek.ride.measure.model.NativeMeasure">
    <attribute name="name">
      <value>#INHERITED#gradetmpstring</value>
    </attribute>
    <attribute name="baseint">
      <value>pgrp</value>
    </attribute>
    <attribute name="creator">
      <value>Grade</value>
    </attribute>
    <attribute name="signature">
      <value>#INHERITED#gradetmpstring</value>
    </attribute>
    <attribute name="rollups">
      <value>GTMP,GTMPgradetmpstring</value>
    </attribute>
  </data_model>
</data_set>
