<?xml version="1.0" encoding="UTF-8"?>
<data_set type="Workbook">
  <attribute name="name">
    <value>PRMA</value>
  </attribute>
  <attribute name="Label">
    <value>Promotion Maintenance</value>
  </attribute>
  <attribute name="WorkbookGroup">
    <value>Promote</value>
  </attribute>
  <attribute name="WorkbookLib">
    <value>RdfTemplates</value>
  </attribute>
  <attribute name="WorkbookType">
    <value>PromoteDynamicTemplate</value>
  </attribute>
  <attribute name="IsWizardOnly">
    <value>false</value>
  </attribute>
  <attribute name="IsImageEnabled">
    <value>false</value>
  </attribute>
  <attribute name="RuleSet">
    <value>PRMA</value>
  </attribute>
  <attribute name="LoadRules">
    <value>PRMA_load</value>
  </attribute>
  <attribute name="CommitRules">
    <value>PRMA_commit</value>
  </attribute>
  <attribute name="CalcRules">
    <value>PRMA_calc</value>
  </attribute>
  <attribute name="RefreshRules">
    <value>PRMA_refresh</value>
  </attribute>
  <attribute name="IsUseDefaults">
    <value>true</value>
  </attribute>
  <attribute name="DpmDimensions">
    <value></value>
  </attribute>
  <attribute name="prerangemask">
    <value>promoenable</value>
  </attribute>
  <attribute name="IsCustomWizard">
    <value>true</value>
  </attribute>
  <attribute name="properties">
    <value>ropt_refresh15xmas</value>
    <value>ropt_load10dml</value>
    <value>ropt_refresh15bts</value>
    <value>ropt_commit06circ</value>
    <value>ropt_refresh15dml</value>
    <value>ropt_load10nyd</value>
    <value>ropt_commit10xmss</value>
    <value>ropt_load06isd</value>
    <value>ropt_commit08nyd</value>
    <value>ropt_load10isd</value>
    <value>ropt_commit02pprc</value>
    <value>ropt_refresh08pprc</value>
    <value>ropt_refresh08circ</value>
    <value>ropt_commit01xmas</value>
    <value>ropt_refresh_C__P_</value>
    <value>ropt_commit01dml</value>
    <value>ropt_commit01nyd</value>
    <value>ropt_commit06sgn</value>
    <value>ropt_commit02xmas</value>
    <value>ropt_refresh01sgn</value>
    <value>ropt_load_C__P_</value>
    <value>ropt_load06bts</value>
    <value>ropt_commit15bts</value>
    <value>ropt_load01xmss</value>
    <value>ropt_load10pprc</value>
    <value>wsopt_c_</value>
    <value>ropt_load01dml</value>
    <value>ropt_commit01circ</value>
    <value>ropt_load06xmss</value>
    <value>ropt_load06eas</value>
    <value>ropt_commit08sgn</value>
    <value>ropt_load02bts</value>
    <value>ropt_load08bts</value>
    <value>ropt_load01xmas</value>
    <value>ropt_commit02sgn</value>
    <value>ropt_refresh02pprc</value>
    <value>ropt_load15xmss</value>
    <value>ropt_commit02nyd</value>
    <value>ropt_load08sgn</value>
    <value>ropt_commit02bts</value>
    <value>ropt_commit15nyd</value>
    <value>ropt_refresh06pprc</value>
    <value>ropt_refresh01xmss</value>
    <value>ropt_commit10bts</value>
    <value>CREATOR</value>
    <value>ropt_load10sgn</value>
    <value>ropt_load02pprc</value>
    <value>ropt_refresh02isd</value>
    <value>ropt_refresh01pprc</value>
    <value>ropt_refresh_c__p_</value>
    <value>ropt_commit08circ</value>
    <value>ropt_refresh02bts</value>
    <value>ropt_load06sgn</value>
    <value>ropt_refresh01eas</value>
    <value>ropt_commit02dml</value>
    <value>ropt_refresh10pprc</value>
    <value>ropt_commit01isd</value>
    <value>wsopt_C_</value>
    <value>ropt_load06pprc</value>
    <value>ropt_load08xmas</value>
    <value>ropt_commit02isd</value>
    <value>ropt_load08pprc</value>
    <value>ropt_commit01eas</value>
    <value>ropt_load15xmas</value>
    <value>ropt_commit02xmss</value>
    <value>ropt_commit02eas</value>
    <value>ropt_load06dml</value>
    <value>ropt_refresh06isd</value>
    <value>ropt_commit08eas</value>
    <value>ropt_commit02circ</value>
    <value>ropt_refresh08sgn</value>
    <value>ropt_refresh06eas</value>
    <value>ropt_load01eas</value>
    <value>ropt_commit_C__P_</value>
    <value>ropt_load10xmas</value>
    <value>ropt_refresh01nyd</value>
    <value>ropt_refresh06sgn</value>
    <value>ropt_refresh10circ</value>
    <value>ropt_refresh10bts</value>
    <value>ropt_load_c__p_</value>
    <value>ropt_refresh01isd</value>
    <value>ropt_refresh02sgn</value>
    <value>ropt_commit10isd</value>
    <value>ropt_commit08isd</value>
    <value>ropt_refresh08nyd</value>
    <value>ropt_load02eas</value>
    <value>ropt_load15circ</value>
    <value>ropt_commit10circ</value>
    <value>ropt_refresh10sgn</value>
    <value>ropt_load01isd</value>
    <value>ropt_commit10sgn</value>
    <value>ropt_refresh15circ</value>
    <value>ropt_commit15eas</value>
    <value>ropt_load01nyd</value>
    <value>ropt_load02isd</value>
    <value>ropt_load10bts</value>
    <value>ropt_commit01xmss</value>
    <value>ropt_refresh01dml</value>
    <value>ropt_load01sgn</value>
    <value>ropt_load02circ</value>
    <value>ropt_commit06dml</value>
    <value>ropt_commit08dml</value>
    <value>ropt_refresh02xmss</value>
    <value>ropt_commit10xmas</value>
    <value>ropt_load02dml</value>
    <value>ropt_refresh15nyd</value>
    <value>ropt_commit_c__p_</value>
    <value>ropt_load06nyd</value>
    <value>ropt_refresh06bts</value>
    <value>ropt_load08isd</value>
    <value>ropt_commit08bts</value>
    <value>ropt_commit08xmas</value>
    <value>ropt_refresh02eas</value>
    <value>ropt_load06circ</value>
    <value>ropt_refresh15xmss</value>
    <value>ropt_commit01pprc</value>
    <value>ropt_refresh10xmas</value>
    <value>ropt_commit10pprc</value>
    <value>ropt_commit06eas</value>
    <value>ropt_load15pprc</value>
    <value>ropt_refresh06dml</value>
    <value>ropt_load10xmss</value>
    <value>ropt_refresh10eas</value>
    <value>ropt_commit01bts</value>
    <value>ropt_commit10nyd</value>
    <value>ropt_refresh08eas</value>
    <value>ropt_commit15isd</value>
    <value>ropt_refresh06circ</value>
    <value>ropt_commit06bts</value>
    <value>ropt_commit15xmas</value>
    <value>ropt_load01pprc</value>
    <value>ropt_refresh10isd</value>
    <value>ropt_refresh01circ</value>
    <value>ropt_commit15xmss</value>
    <value>ropt_load01circ</value>
    <value>ropt_commit10dml</value>
    <value>ropt_refresh02nyd</value>
    <value>ropt_load01bts</value>
    <value>ropt_load10circ</value>
    <value>ropt_refresh10nyd</value>
    <value>ropt_commit06xmss</value>
    <value>ropt_load15eas</value>
    <value>ropt_commit15circ</value>
    <value>ropt_load08circ</value>
    <value>ropt_load02nyd</value>
    <value>ropt_refresh06xmas</value>
    <value>ropt_load15bts</value>
    <value>ropt_load15isd</value>
    <value>ropt_refresh08isd</value>
    <value>ropt_commit06isd</value>
    <value>ropt_refresh01xmas</value>
    <value>ropt_refresh06xmss</value>
    <value>ropt_refresh08dml</value>
    <value>ropt_refresh15sgn</value>
    <value>ropt_refresh01bts</value>
    <value>ropt_refresh10xmss</value>
    <value>ropt_refresh08bts</value>
    <value>ropt_load15nyd</value>
    <value>ropt_load08nyd</value>
    <value>ropt_load02sgn</value>
    <value>ropt_commit08pprc</value>
    <value>ropt_commit15dml</value>
    <value>ropt_refresh15pprc</value>
    <value>ropt_commit08xmss</value>
    <value>ropt_load08xmss</value>
    <value>ropt_refresh15isd</value>
    <value>ropt_commit06nyd</value>
    <value>ropt_refresh08xmas</value>
    <value>ropt_commit01sgn</value>
    <value>ropt_commit06pprc</value>
    <value>wsopt02</value>
    <value>ropt_refresh06nyd</value>
    <value>wsopt01</value>
    <value>wsopt08</value>
    <value>wsopt06</value>
    <value>ropt_refresh02dml</value>
    <value>ropt_load08eas</value>
    <value>ropt_load10eas</value>
    <value>ropt_refresh02circ</value>
    <value>ropt_load08dml</value>
    <value>ropt_load02xmss</value>
    <value>ropt_load06xmas</value>
    <value>ropt_commit15pprc</value>
    <value>wsopt15</value>
    <value>ropt_load15dml</value>
    <value>ropt_commit15sgn</value>
    <value>ropt_refresh08xmss</value>
    <value>ropt_refresh02xmas</value>
    <value>ropt_commit06xmas</value>
    <value>wsopt10</value>
    <value>ropt_load02xmas</value>
    <value>ropt_commit10eas</value>
    <value>ropt_load15sgn</value>
    <value>ropt_refresh15eas</value>
    <value>ropt_refresh10dml</value>
  </attribute>
  <attribute name="ropt_refresh15xmas">
    <value>PRMA_rfsh15xmas</value>
  </attribute>
  <attribute name="ropt_load10dml">
    <value>PRMA_load10dml</value>
  </attribute>
  <attribute name="ropt_refresh15bts">
    <value>PRMA_rfsh15bts</value>
  </attribute>
  <attribute name="ropt_commit06circ">
    <value>PRMA_cmt06circ</value>
  </attribute>
  <attribute name="ropt_refresh15dml">
    <value>PRMA_rfsh15dml</value>
  </attribute>
  <attribute name="ropt_load10nyd">
    <value>PRMA_load10nyd</value>
  </attribute>
  <attribute name="ropt_commit10xmss">
    <value>PRMA_cmt10xmss</value>
  </attribute>
  <attribute name="ropt_load06isd">
    <value>PRMA_load06isd</value>
  </attribute>
  <attribute name="ropt_commit08nyd">
    <value>PRMA_cmt08nyd</value>
  </attribute>
  <attribute name="ropt_load10isd">
    <value>PRMA_load10isd</value>
  </attribute>
  <attribute name="ropt_commit02pprc">
    <value>PRMA_cmt02pprc</value>
  </attribute>
  <attribute name="ropt_refresh08pprc">
    <value>PRMA_rfsh08pprc</value>
  </attribute>
  <attribute name="ropt_refresh08circ">
    <value>PRMA_rfsh08circ</value>
  </attribute>
  <attribute name="ropt_commit01xmas">
    <value>PRMA_cmt01xmas</value>
  </attribute>
  <attribute name="ropt_commit01dml">
    <value>PRMA_cmt01dml</value>
  </attribute>
  <attribute name="ropt_commit01nyd">
    <value>PRMA_cmt01nyd</value>
  </attribute>
  <attribute name="ropt_commit06sgn">
    <value>PRMA_cmt06sgn</value>
  </attribute>
  <attribute name="ropt_commit02xmas">
    <value>PRMA_cmt02xmas</value>
  </attribute>
  <attribute name="ropt_refresh01sgn">
    <value>PRMA_rfsh01sgn</value>
  </attribute>
  <attribute name="ropt_load06bts">
    <value>PRMA_load06bts</value>
  </attribute>
  <attribute name="ropt_commit15bts">
    <value>PRMA_cmt15bts</value>
  </attribute>
  <attribute name="ropt_load01xmss">
    <value>PRMA_load01xmss</value>
  </attribute>
  <attribute name="ropt_load10pprc">
    <value>PRMA_load10pprc</value>
  </attribute>
  <attribute name="wsopt_c_">
    <value>promoparm_C_</value>
  </attribute>
  <attribute name="ropt_load01dml">
    <value>PRMA_load01dml</value>
  </attribute>
  <attribute name="ropt_commit01circ">
    <value>PRMA_cmt01circ</value>
  </attribute>
  <attribute name="ropt_load06xmss">
    <value>PRMA_load06xmss</value>
  </attribute>
  <attribute name="ropt_load06eas">
    <value>PRMA_load06eas</value>
  </attribute>
  <attribute name="ropt_commit08sgn">
    <value>PRMA_cmt08sgn</value>
  </attribute>
  <attribute name="ropt_load02bts">
    <value>PRMA_load02bts</value>
  </attribute>
  <attribute name="ropt_load08bts">
    <value>PRMA_load08bts</value>
  </attribute>
  <attribute name="ropt_load01xmas">
    <value>PRMA_load01xmas</value>
  </attribute>
  <attribute name="ropt_commit02sgn">
    <value>PRMA_cmt02sgn</value>
  </attribute>
  <attribute name="ropt_refresh02pprc">
    <value>PRMA_rfsh02pprc</value>
  </attribute>
  <attribute name="ropt_load15xmss">
    <value>PRMA_load15xmss</value>
  </attribute>
  <attribute name="ropt_commit02nyd">
    <value>PRMA_cmt02nyd</value>
  </attribute>
  <attribute name="ropt_load08sgn">
    <value>PRMA_load08sgn</value>
  </attribute>
  <attribute name="ropt_commit02bts">
    <value>PRMA_cmt02bts</value>
  </attribute>
  <attribute name="ropt_commit15nyd">
    <value>PRMA_cmt15nyd</value>
  </attribute>
  <attribute name="ropt_refresh06pprc">
    <value>PRMA_rfsh06pprc</value>
  </attribute>
  <attribute name="ropt_refresh01xmss">
    <value>PRMA_rfsh01xmss</value>
  </attribute>
  <attribute name="ropt_commit10bts">
    <value>PRMA_cmt10bts</value>
  </attribute>
  <attribute name="CREATOR">
    <value>Promote</value>
  </attribute>
  <attribute name="ropt_load10sgn">
    <value>PRMA_load10sgn</value>
  </attribute>
  <attribute name="ropt_load02pprc">
    <value>PRMA_load02pprc</value>
  </attribute>
  <attribute name="ropt_refresh02isd">
    <value>PRMA_rfsh02isd</value>
  </attribute>
  <attribute name="ropt_refresh01pprc">
    <value>PRMA_rfsh01pprc</value>
  </attribute>
  <attribute name="ropt_refresh_c__p_">
    <value>PRMA_rfsh_C__P_</value>
  </attribute>
  <attribute name="ropt_commit08circ">
    <value>PRMA_cmt08circ</value>
  </attribute>
  <attribute name="ropt_refresh02bts">
    <value>PRMA_rfsh02bts</value>
  </attribute>
  <attribute name="ropt_load06sgn">
    <value>PRMA_load06sgn</value>
  </attribute>
  <attribute name="ropt_refresh01eas">
    <value>PRMA_rfsh01eas</value>
  </attribute>
  <attribute name="ropt_commit02dml">
    <value>PRMA_cmt02dml</value>
  </attribute>
  <attribute name="ropt_refresh10pprc">
    <value>PRMA_rfsh10pprc</value>
  </attribute>
  <attribute name="ropt_commit01isd">
    <value>PRMA_cmt01isd</value>
  </attribute>
  <attribute name="ropt_load06pprc">
    <value>PRMA_load06pprc</value>
  </attribute>
  <attribute name="ropt_load08xmas">
    <value>PRMA_load08xmas</value>
  </attribute>
  <attribute name="ropt_commit02isd">
    <value>PRMA_cmt02isd</value>
  </attribute>
  <attribute name="ropt_load08pprc">
    <value>PRMA_load08pprc</value>
  </attribute>
  <attribute name="ropt_commit01eas">
    <value>PRMA_cmt01eas</value>
  </attribute>
  <attribute name="ropt_load15xmas">
    <value>PRMA_load15xmas</value>
  </attribute>
  <attribute name="ropt_commit02xmss">
    <value>PRMA_cmt02xmss</value>
  </attribute>
  <attribute name="ropt_commit02eas">
    <value>PRMA_cmt02eas</value>
  </attribute>
  <attribute name="ropt_load06dml">
    <value>PRMA_load06dml</value>
  </attribute>
  <attribute name="ropt_refresh06isd">
    <value>PRMA_rfsh06isd</value>
  </attribute>
  <attribute name="ropt_commit08eas">
    <value>PRMA_cmt08eas</value>
  </attribute>
  <attribute name="ropt_commit02circ">
    <value>PRMA_cmt02circ</value>
  </attribute>
  <attribute name="ropt_refresh08sgn">
    <value>PRMA_rfsh08sgn</value>
  </attribute>
  <attribute name="ropt_refresh06eas">
    <value>PRMA_rfsh06eas</value>
  </attribute>
  <attribute name="ropt_load01eas">
    <value>PRMA_load01eas</value>
  </attribute>
  <attribute name="ropt_load10xmas">
    <value>PRMA_load10xmas</value>
  </attribute>
  <attribute name="ropt_refresh01nyd">
    <value>PRMA_rfsh01nyd</value>
  </attribute>
  <attribute name="ropt_refresh06sgn">
    <value>PRMA_rfsh06sgn</value>
  </attribute>
  <attribute name="ropt_refresh10circ">
    <value>PRMA_rfsh10circ</value>
  </attribute>
  <attribute name="ropt_refresh10bts">
    <value>PRMA_rfsh10bts</value>
  </attribute>
  <attribute name="ropt_load_c__p_">
    <value>PRMA_load_C__P_</value>
  </attribute>
  <attribute name="ropt_refresh01isd">
    <value>PRMA_rfsh01isd</value>
  </attribute>
  <attribute name="ropt_refresh02sgn">
    <value>PRMA_rfsh02sgn</value>
  </attribute>
  <attribute name="ropt_commit10isd">
    <value>PRMA_cmt10isd</value>
  </attribute>
  <attribute name="ropt_commit08isd">
    <value>PRMA_cmt08isd</value>
  </attribute>
  <attribute name="ropt_refresh08nyd">
    <value>PRMA_rfsh08nyd</value>
  </attribute>
  <attribute name="ropt_load02eas">
    <value>PRMA_load02eas</value>
  </attribute>
  <attribute name="ropt_load15circ">
    <value>PRMA_load15circ</value>
  </attribute>
  <attribute name="ropt_commit10circ">
    <value>PRMA_cmt10circ</value>
  </attribute>
  <attribute name="ropt_refresh10sgn">
    <value>PRMA_rfsh10sgn</value>
  </attribute>
  <attribute name="ropt_load01isd">
    <value>PRMA_load01isd</value>
  </attribute>
  <attribute name="ropt_commit10sgn">
    <value>PRMA_cmt10sgn</value>
  </attribute>
  <attribute name="ropt_refresh15circ">
    <value>PRMA_rfsh15circ</value>
  </attribute>
  <attribute name="ropt_commit15eas">
    <value>PRMA_cmt15eas</value>
  </attribute>
  <attribute name="ropt_load01nyd">
    <value>PRMA_load01nyd</value>
  </attribute>
  <attribute name="ropt_load02isd">
    <value>PRMA_load02isd</value>
  </attribute>
  <attribute name="ropt_load10bts">
    <value>PRMA_load10bts</value>
  </attribute>
  <attribute name="ropt_commit01xmss">
    <value>PRMA_cmt01xmss</value>
  </attribute>
  <attribute name="ropt_refresh01dml">
    <value>PRMA_rfsh01dml</value>
  </attribute>
  <attribute name="ropt_load01sgn">
    <value>PRMA_load01sgn</value>
  </attribute>
  <attribute name="ropt_load02circ">
    <value>PRMA_load02circ</value>
  </attribute>
  <attribute name="ropt_commit06dml">
    <value>PRMA_cmt06dml</value>
  </attribute>
  <attribute name="ropt_commit08dml">
    <value>PRMA_cmt08dml</value>
  </attribute>
  <attribute name="ropt_refresh02xmss">
    <value>PRMA_rfsh02xmss</value>
  </attribute>
  <attribute name="ropt_commit10xmas">
    <value>PRMA_cmt10xmas</value>
  </attribute>
  <attribute name="ropt_load02dml">
    <value>PRMA_load02dml</value>
  </attribute>
  <attribute name="ropt_refresh15nyd">
    <value>PRMA_rfsh15nyd</value>
  </attribute>
  <attribute name="ropt_commit_c__p_">
    <value>PRMA_cmt_C__P_</value>
  </attribute>
  <attribute name="ropt_load06nyd">
    <value>PRMA_load06nyd</value>
  </attribute>
  <attribute name="ropt_refresh06bts">
    <value>PRMA_rfsh06bts</value>
  </attribute>
  <attribute name="ropt_load08isd">
    <value>PRMA_load08isd</value>
  </attribute>
  <attribute name="ropt_commit08bts">
    <value>PRMA_cmt08bts</value>
  </attribute>
  <attribute name="ropt_commit08xmas">
    <value>PRMA_cmt08xmas</value>
  </attribute>
  <attribute name="ropt_refresh02eas">
    <value>PRMA_rfsh02eas</value>
  </attribute>
  <attribute name="ropt_load06circ">
    <value>PRMA_load06circ</value>
  </attribute>
  <attribute name="ropt_refresh15xmss">
    <value>PRMA_rfsh15xmss</value>
  </attribute>
  <attribute name="ropt_commit01pprc">
    <value>PRMA_cmt01pprc</value>
  </attribute>
  <attribute name="ropt_refresh10xmas">
    <value>PRMA_rfsh10xmas</value>
  </attribute>
  <attribute name="ropt_commit10pprc">
    <value>PRMA_cmt10pprc</value>
  </attribute>
  <attribute name="ropt_commit06eas">
    <value>PRMA_cmt06eas</value>
  </attribute>
  <attribute name="ropt_load15pprc">
    <value>PRMA_load15pprc</value>
  </attribute>
  <attribute name="ropt_refresh06dml">
    <value>PRMA_rfsh06dml</value>
  </attribute>
  <attribute name="ropt_load10xmss">
    <value>PRMA_load10xmss</value>
  </attribute>
  <attribute name="ropt_refresh10eas">
    <value>PRMA_rfsh10eas</value>
  </attribute>
  <attribute name="ropt_commit01bts">
    <value>PRMA_cmt01bts</value>
  </attribute>
  <attribute name="ropt_commit10nyd">
    <value>PRMA_cmt10nyd</value>
  </attribute>
  <attribute name="ropt_refresh08eas">
    <value>PRMA_rfsh08eas</value>
  </attribute>
  <attribute name="ropt_commit15isd">
    <value>PRMA_cmt15isd</value>
  </attribute>
  <attribute name="ropt_refresh06circ">
    <value>PRMA_rfsh06circ</value>
  </attribute>
  <attribute name="ropt_commit06bts">
    <value>PRMA_cmt06bts</value>
  </attribute>
  <attribute name="ropt_commit15xmas">
    <value>PRMA_cmt15xmas</value>
  </attribute>
  <attribute name="ropt_load01pprc">
    <value>PRMA_load01pprc</value>
  </attribute>
  <attribute name="ropt_refresh10isd">
    <value>PRMA_rfsh10isd</value>
  </attribute>
  <attribute name="ropt_refresh01circ">
    <value>PRMA_rfsh01circ</value>
  </attribute>
  <attribute name="ropt_commit15xmss">
    <value>PRMA_cmt15xmss</value>
  </attribute>
  <attribute name="ropt_load01circ">
    <value>PRMA_load01circ</value>
  </attribute>
  <attribute name="ropt_commit10dml">
    <value>PRMA_cmt10dml</value>
  </attribute>
  <attribute name="ropt_refresh02nyd">
    <value>PRMA_rfsh02nyd</value>
  </attribute>
  <attribute name="ropt_load01bts">
    <value>PRMA_load01bts</value>
  </attribute>
  <attribute name="ropt_load10circ">
    <value>PRMA_load10circ</value>
  </attribute>
  <attribute name="ropt_refresh10nyd">
    <value>PRMA_rfsh10nyd</value>
  </attribute>
  <attribute name="ropt_commit06xmss">
    <value>PRMA_cmt06xmss</value>
  </attribute>
  <attribute name="ropt_load15eas">
    <value>PRMA_load15eas</value>
  </attribute>
  <attribute name="ropt_commit15circ">
    <value>PRMA_cmt15circ</value>
  </attribute>
  <attribute name="ropt_load08circ">
    <value>PRMA_load08circ</value>
  </attribute>
  <attribute name="ropt_load02nyd">
    <value>PRMA_load02nyd</value>
  </attribute>
  <attribute name="ropt_refresh06xmas">
    <value>PRMA_rfsh06xmas</value>
  </attribute>
  <attribute name="ropt_load15bts">
    <value>PRMA_load15bts</value>
  </attribute>
  <attribute name="ropt_load15isd">
    <value>PRMA_load15isd</value>
  </attribute>
  <attribute name="ropt_refresh08isd">
    <value>PRMA_rfsh08isd</value>
  </attribute>
  <attribute name="ropt_commit06isd">
    <value>PRMA_cmt06isd</value>
  </attribute>
  <attribute name="ropt_refresh01xmas">
    <value>PRMA_rfsh01xmas</value>
  </attribute>
  <attribute name="ropt_refresh06xmss">
    <value>PRMA_rfsh06xmss</value>
  </attribute>
  <attribute name="ropt_refresh08dml">
    <value>PRMA_rfsh08dml</value>
  </attribute>
  <attribute name="ropt_refresh15sgn">
    <value>PRMA_rfsh15sgn</value>
  </attribute>
  <attribute name="ropt_refresh01bts">
    <value>PRMA_rfsh01bts</value>
  </attribute>
  <attribute name="ropt_refresh10xmss">
    <value>PRMA_rfsh10xmss</value>
  </attribute>
  <attribute name="ropt_refresh08bts">
    <value>PRMA_rfsh08bts</value>
  </attribute>
  <attribute name="ropt_load15nyd">
    <value>PRMA_load15nyd</value>
  </attribute>
  <attribute name="ropt_load08nyd">
    <value>PRMA_load08nyd</value>
  </attribute>
  <attribute name="ropt_load02sgn">
    <value>PRMA_load02sgn</value>
  </attribute>
  <attribute name="ropt_commit08pprc">
    <value>PRMA_cmt08pprc</value>
  </attribute>
  <attribute name="ropt_commit15dml">
    <value>PRMA_cmt15dml</value>
  </attribute>
  <attribute name="ropt_refresh15pprc">
    <value>PRMA_rfsh15pprc</value>
  </attribute>
  <attribute name="ropt_commit08xmss">
    <value>PRMA_cmt08xmss</value>
  </attribute>
  <attribute name="ropt_load08xmss">
    <value>PRMA_load08xmss</value>
  </attribute>
  <attribute name="ropt_refresh15isd">
    <value>PRMA_rfsh15isd</value>
  </attribute>
  <attribute name="ropt_commit06nyd">
    <value>PRMA_cmt06nyd</value>
  </attribute>
  <attribute name="ropt_refresh08xmas">
    <value>PRMA_rfsh08xmas</value>
  </attribute>
  <attribute name="ropt_commit01sgn">
    <value>PRMA_cmt01sgn</value>
  </attribute>
  <attribute name="ropt_commit06pprc">
    <value>PRMA_cmt06pprc</value>
  </attribute>
  <attribute name="wsopt02">
    <value>promoparm02</value>
  </attribute>
  <attribute name="ropt_refresh06nyd">
    <value>PRMA_rfsh06nyd</value>
  </attribute>
  <attribute name="wsopt01">
    <value>promoparm01</value>
  </attribute>
  <attribute name="wsopt08">
    <value>promoparm08</value>
  </attribute>
  <attribute name="wsopt06">
    <value>promoparm06</value>
  </attribute>
  <attribute name="ropt_refresh02dml">
    <value>PRMA_rfsh02dml</value>
  </attribute>
  <attribute name="ropt_load08eas">
    <value>PRMA_load08eas</value>
  </attribute>
  <attribute name="ropt_load10eas">
    <value>PRMA_load10eas</value>
  </attribute>
  <attribute name="ropt_refresh02circ">
    <value>PRMA_rfsh02circ</value>
  </attribute>
  <attribute name="ropt_load08dml">
    <value>PRMA_load08dml</value>
  </attribute>
  <attribute name="ropt_load02xmss">
    <value>PRMA_load02xmss</value>
  </attribute>
  <attribute name="ropt_load06xmas">
    <value>PRMA_load06xmas</value>
  </attribute>
  <attribute name="ropt_commit15pprc">
    <value>PRMA_cmt15pprc</value>
  </attribute>
  <attribute name="wsopt15">
    <value>promoparm15</value>
  </attribute>
  <attribute name="ropt_load15dml">
    <value>PRMA_load15dml</value>
  </attribute>
  <attribute name="ropt_commit15sgn">
    <value>PRMA_cmt15sgn</value>
  </attribute>
  <attribute name="ropt_refresh08xmss">
    <value>PRMA_rfsh08xmss</value>
  </attribute>
  <attribute name="ropt_refresh02xmas">
    <value>PRMA_rfsh02xmas</value>
  </attribute>
  <attribute name="ropt_commit06xmas">
    <value>PRMA_cmt06xmas</value>
  </attribute>
  <attribute name="wsopt10">
    <value>promoparm10</value>
  </attribute>
  <attribute name="ropt_load02xmas">
    <value>PRMA_load02xmas</value>
  </attribute>
  <attribute name="ropt_commit10eas">
    <value>PRMA_cmt10eas</value>
  </attribute>
  <attribute name="ropt_load15sgn">
    <value>PRMA_load15sgn</value>
  </attribute>
  <attribute name="ropt_refresh15eas">
    <value>PRMA_rfsh15eas</value>
  </attribute>
  <attribute name="ropt_refresh10dml">
    <value>PRMA_rfsh10dml</value>
  </attribute>
  <data_model type="AxisInfo">
    <attribute name="name">
      <value>AxisInfo</value>
    </attribute>
    <attribute name="MEASAxis">
      <value>XAxis</value>
    </attribute>
    <attribute name="MEASOrder">
      <value>0</value>
    </attribute>
  </data_model>
  <data_model type="Wizards">
    <attribute name="name">
      <value>Wizards</value>
    </attribute>
    <data_model type="CustomWizard">
      <attribute name="name">
        <value>prma</value>
      </attribute>
    </data_model>
  </data_model>
  <data_model type="WorkbookTabs">
    <attribute name="name">
      <value>WorkbookTabs</value>
    </attribute>
    <data_model type="WorkbookTab">
      <attribute name="name">
        <value>Level01</value>
      </attribute>
      <attribute name="Label">
        <value>Level 1 - itm/str/week-Final</value>
      </attribute>
      <data_model type="Worksheets">
        <attribute name="name">
          <value>Worksheets</value>
        </attribute>
        <data_model type="Worksheet">
          <attribute name="name">
            <value>promoparm01</value>
          </attribute>
          <attribute name="Label">
            <value>Promotion Parameters for Level 1 - itm/str/week-Final</value>
          </attribute>
          <attribute name="WorksheetIntersection">
            <value>#frcstTSint01#</value>
          </attribute>
          <attribute name="IsUseDefaultAxis">
            <value>false</value>
          </attribute>
          <data_model type="Profiles">
            <attribute name="name">
              <value>Profiles</value>
            </attribute>
            <data_model type="Profile">
              <attribute name="name">
                <value>Viewable</value>
              </attribute>
              <attribute name="Label">
                <value>Viewable</value>
              </attribute>
              <attribute name="Measures">
                <value>peff01xmas</value>
                <value>peff01xmss</value>
                <value>peff01nyd</value>
                <value>peff01eas</value>
                <value>peff01bts</value>
                <value>peff01circ</value>
                <value>peff01isd</value>
                <value>peff01dml</value>
                <value>peff01sgn</value>
                <value>peff01pprc</value>
                <value>povr01xmas</value>
                <value>povr01xmss</value>
                <value>povr01nyd</value>
                <value>povr01eas</value>
                <value>povr01bts</value>
                <value>povr01circ</value>
                <value>povr01isd</value>
                <value>povr01dml</value>
                <value>povr01sgn</value>
                <value>povr01pprc</value>
                <value>ptyp01xmas</value>
                <value>ptyp01xmss</value>
                <value>ptyp01nyd</value>
                <value>ptyp01eas</value>
                <value>ptyp01bts</value>
                <value>ptyp01circ</value>
                <value>ptyp01isd</value>
                <value>ptyp01dml</value>
                <value>ptyp01sgn</value>
                <value>ptyp01pprc</value>
              </attribute>
              <attribute name="MeasureName">
                <value>peff01xmas</value>
                <value>peff01xmss</value>
                <value>peff01nyd</value>
                <value>peff01eas</value>
                <value>peff01bts</value>
                <value>peff01circ</value>
                <value>peff01isd</value>
                <value>peff01dml</value>
                <value>peff01sgn</value>
                <value>peff01pprc</value>
                <value>povr01xmas</value>
                <value>povr01xmss</value>
                <value>povr01nyd</value>
                <value>povr01eas</value>
                <value>povr01bts</value>
                <value>povr01circ</value>
                <value>povr01isd</value>
                <value>povr01dml</value>
                <value>povr01sgn</value>
                <value>povr01pprc</value>
                <value>ptyp01xmas</value>
                <value>ptyp01xmss</value>
                <value>ptyp01nyd</value>
                <value>ptyp01eas</value>
                <value>ptyp01bts</value>
                <value>ptyp01circ</value>
                <value>ptyp01isd</value>
                <value>ptyp01dml</value>
                <value>ptyp01sgn</value>
                <value>ptyp01pprc</value>
              </attribute>
            </data_model>
            <data_model type="Profile">
              <attribute name="name">
                <value>Default</value>
              </attribute>
              <attribute name="Label">
                <value>Default</value>
              </attribute>
              <attribute name="Measures">
                <value>ptyp01xmas</value>
                <value>ptyp01xmss</value>
                <value>ptyp01nyd</value>
                <value>ptyp01eas</value>
                <value>ptyp01bts</value>
                <value>ptyp01circ</value>
                <value>ptyp01isd</value>
                <value>ptyp01dml</value>
                <value>ptyp01sgn</value>
                <value>ptyp01pprc</value>
                <value>povr01xmas</value>
                <value>povr01xmss</value>
                <value>povr01nyd</value>
                <value>povr01eas</value>
                <value>povr01bts</value>
                <value>povr01circ</value>
                <value>povr01isd</value>
                <value>povr01dml</value>
                <value>povr01sgn</value>
                <value>povr01pprc</value>
                <value>peff01xmas</value>
                <value>peff01xmss</value>
                <value>peff01nyd</value>
                <value>peff01eas</value>
                <value>peff01bts</value>
                <value>peff01circ</value>
                <value>peff01isd</value>
                <value>peff01dml</value>
                <value>peff01sgn</value>
                <value>peff01pprc</value>
              </attribute>
              <attribute name="MeasureName">
                <value>ptyp01xmas</value>
                <value>ptyp01xmss</value>
                <value>ptyp01nyd</value>
                <value>ptyp01eas</value>
                <value>ptyp01bts</value>
                <value>ptyp01circ</value>
                <value>ptyp01isd</value>
                <value>ptyp01dml</value>
                <value>ptyp01sgn</value>
                <value>ptyp01pprc</value>
                <value>povr01xmas</value>
                <value>povr01xmss</value>
                <value>povr01nyd</value>
                <value>povr01eas</value>
                <value>povr01bts</value>
                <value>povr01circ</value>
                <value>povr01isd</value>
                <value>povr01dml</value>
                <value>povr01sgn</value>
                <value>povr01pprc</value>
                <value>peff01xmas</value>
                <value>peff01xmss</value>
                <value>peff01nyd</value>
                <value>peff01eas</value>
                <value>peff01bts</value>
                <value>peff01circ</value>
                <value>peff01isd</value>
                <value>peff01dml</value>
                <value>peff01sgn</value>
                <value>peff01pprc</value>
              </attribute>
            </data_model>
          </data_model>
          <data_model type="AxisInfo">
            <attribute name="name">
              <value>AxisInfo</value>
            </attribute>
            <attribute name="MEASAxis">
              <value>XAxis</value>
            </attribute>
            <attribute name="MEASOrder">
              <value>0</value>
            </attribute>
            <attribute name="PRODAxis">
              <value>YAxis</value>
            </attribute>
            <attribute name="PRODOrder">
              <value>0</value>
            </attribute>
            <attribute name="LOCAxis">
              <value>ZAxis</value>
            </attribute>
            <attribute name="LOCOrder">
              <value>0</value>
            </attribute>
          </data_model>
          <data_model type="PositionQueries">
            <attribute name="name">
              <value>PositionQueries</value>
            </attribute>
          </data_model>
          <data_model type="StyleORs">
            <attribute name="name">
              <value>StyleORs</value>
            </attribute>
          </data_model>
        </data_model>
      </data_model>
    </data_model>
    <data_model type="WorkbookTab">
      <attribute name="name">
        <value>Level02</value>
      </attribute>
      <attribute name="Label">
        <value>Level 2 - itm/str/week</value>
      </attribute>
      <data_model type="Worksheets">
        <attribute name="name">
          <value>Worksheets</value>
        </attribute>
        <data_model type="Worksheet">
          <attribute name="name">
            <value>promoparm02</value>
          </attribute>
          <attribute name="Label">
            <value>Promotion Parameters for Level 2 - itm/str/week</value>
          </attribute>
          <attribute name="WorksheetIntersection">
            <value>#frcstTSint02#</value>
          </attribute>
          <attribute name="IsUseDefaultAxis">
            <value>false</value>
          </attribute>
          <data_model type="Profiles">
            <attribute name="name">
              <value>Profiles</value>
            </attribute>
            <data_model type="Profile">
              <attribute name="name">
                <value>Viewable</value>
              </attribute>
              <attribute name="Label">
                <value>Viewable</value>
              </attribute>
              <attribute name="Measures">
                <value>peff02xmas</value>
                <value>peff02xmss</value>
                <value>peff02nyd</value>
                <value>peff02eas</value>
                <value>peff02bts</value>
                <value>peff02circ</value>
                <value>peff02isd</value>
                <value>peff02dml</value>
                <value>peff02sgn</value>
                <value>peff02pprc</value>
                <value>povr02xmas</value>
                <value>povr02xmss</value>
                <value>povr02nyd</value>
                <value>povr02eas</value>
                <value>povr02bts</value>
                <value>povr02circ</value>
                <value>povr02isd</value>
                <value>povr02dml</value>
                <value>povr02sgn</value>
                <value>povr02pprc</value>
                <value>ptyp02xmas</value>
                <value>ptyp02xmss</value>
                <value>ptyp02nyd</value>
                <value>ptyp02eas</value>
                <value>ptyp02bts</value>
                <value>ptyp02circ</value>
                <value>ptyp02isd</value>
                <value>ptyp02dml</value>
                <value>ptyp02sgn</value>
                <value>ptyp02pprc</value>
              </attribute>
              <attribute name="MeasureName">
                <value>peff02xmas</value>
                <value>peff02xmss</value>
                <value>peff02nyd</value>
                <value>peff02eas</value>
                <value>peff02bts</value>
                <value>peff02circ</value>
                <value>peff02isd</value>
                <value>peff02dml</value>
                <value>peff02sgn</value>
                <value>peff02pprc</value>
                <value>povr02xmas</value>
                <value>povr02xmss</value>
                <value>povr02nyd</value>
                <value>povr02eas</value>
                <value>povr02bts</value>
                <value>povr02circ</value>
                <value>povr02isd</value>
                <value>povr02dml</value>
                <value>povr02sgn</value>
                <value>povr02pprc</value>
                <value>ptyp02xmas</value>
                <value>ptyp02xmss</value>
                <value>ptyp02nyd</value>
                <value>ptyp02eas</value>
                <value>ptyp02bts</value>
                <value>ptyp02circ</value>
                <value>ptyp02isd</value>
                <value>ptyp02dml</value>
                <value>ptyp02sgn</value>
                <value>ptyp02pprc</value>
              </attribute>
            </data_model>
            <data_model type="Profile">
              <attribute name="name">
                <value>Default</value>
              </attribute>
              <attribute name="Label">
                <value>Default</value>
              </attribute>
              <attribute name="Measures">
                <value>ptyp02xmas</value>
                <value>ptyp02xmss</value>
                <value>ptyp02nyd</value>
                <value>ptyp02eas</value>
                <value>ptyp02bts</value>
                <value>ptyp02circ</value>
                <value>ptyp02isd</value>
                <value>ptyp02dml</value>
                <value>ptyp02sgn</value>
                <value>ptyp02pprc</value>
                <value>povr02xmas</value>
                <value>povr02xmss</value>
                <value>povr02nyd</value>
                <value>povr02eas</value>
                <value>povr02bts</value>
                <value>povr02circ</value>
                <value>povr02isd</value>
                <value>povr02dml</value>
                <value>povr02sgn</value>
                <value>povr02pprc</value>
                <value>peff02xmas</value>
                <value>peff02xmss</value>
                <value>peff02nyd</value>
                <value>peff02eas</value>
                <value>peff02bts</value>
                <value>peff02circ</value>
                <value>peff02isd</value>
                <value>peff02dml</value>
                <value>peff02sgn</value>
                <value>peff02pprc</value>
              </attribute>
              <attribute name="MeasureName">
                <value>ptyp02xmas</value>
                <value>ptyp02xmss</value>
                <value>ptyp02nyd</value>
                <value>ptyp02eas</value>
                <value>ptyp02bts</value>
                <value>ptyp02circ</value>
                <value>ptyp02isd</value>
                <value>ptyp02dml</value>
                <value>ptyp02sgn</value>
                <value>ptyp02pprc</value>
                <value>povr02xmas</value>
                <value>povr02xmss</value>
                <value>povr02nyd</value>
                <value>povr02eas</value>
                <value>povr02bts</value>
                <value>povr02circ</value>
                <value>povr02isd</value>
                <value>povr02dml</value>
                <value>povr02sgn</value>
                <value>povr02pprc</value>
                <value>peff02xmas</value>
                <value>peff02xmss</value>
                <value>peff02nyd</value>
                <value>peff02eas</value>
                <value>peff02bts</value>
                <value>peff02circ</value>
                <value>peff02isd</value>
                <value>peff02dml</value>
                <value>peff02sgn</value>
                <value>peff02pprc</value>
              </attribute>
            </data_model>
          </data_model>
          <data_model type="AxisInfo">
            <attribute name="name">
              <value>AxisInfo</value>
            </attribute>
            <attribute name="MEASAxis">
              <value>XAxis</value>
            </attribute>
            <attribute name="MEASOrder">
              <value>0</value>
            </attribute>
            <attribute name="PRODAxis">
              <value>YAxis</value>
            </attribute>
            <attribute name="PRODOrder">
              <value>0</value>
            </attribute>
            <attribute name="LOCAxis">
              <value>ZAxis</value>
            </attribute>
            <attribute name="LOCOrder">
              <value>0</value>
            </attribute>
          </data_model>
          <data_model type="PositionQueries">
            <attribute name="name">
              <value>PositionQueries</value>
            </attribute>
          </data_model>
          <data_model type="StyleORs">
            <attribute name="name">
              <value>StyleORs</value>
            </attribute>
          </data_model>
        </data_model>
      </data_model>
    </data_model>
    <data_model type="WorkbookTab">
      <attribute name="name">
        <value>Level06</value>
      </attribute>
      <attribute name="Label">
        <value>Level 6 - itm/str/day-Final</value>
      </attribute>
      <data_model type="Worksheets">
        <attribute name="name">
          <value>Worksheets</value>
        </attribute>
        <data_model type="Worksheet">
          <attribute name="name">
            <value>promoparm06</value>
          </attribute>
          <attribute name="Label">
            <value>Promotion Parameters for Level 6 - itm/str/day-Final</value>
          </attribute>
          <attribute name="WorksheetIntersection">
            <value>#frcstTSint06#</value>
          </attribute>
          <attribute name="IsUseDefaultAxis">
            <value>false</value>
          </attribute>
          <data_model type="Profiles">
            <attribute name="name">
              <value>Profiles</value>
            </attribute>
            <data_model type="Profile">
              <attribute name="name">
                <value>Viewable</value>
              </attribute>
              <attribute name="Label">
                <value>Viewable</value>
              </attribute>
              <attribute name="Measures">
                <value>peff06xmas</value>
                <value>peff06xmss</value>
                <value>peff06nyd</value>
                <value>peff06eas</value>
                <value>peff06bts</value>
                <value>peff06circ</value>
                <value>peff06isd</value>
                <value>peff06dml</value>
                <value>peff06sgn</value>
                <value>peff06pprc</value>
                <value>povr06xmas</value>
                <value>povr06xmss</value>
                <value>povr06nyd</value>
                <value>povr06eas</value>
                <value>povr06bts</value>
                <value>povr06circ</value>
                <value>povr06isd</value>
                <value>povr06dml</value>
                <value>povr06sgn</value>
                <value>povr06pprc</value>
                <value>ptyp06xmas</value>
                <value>ptyp06xmss</value>
                <value>ptyp06nyd</value>
                <value>ptyp06eas</value>
                <value>ptyp06bts</value>
                <value>ptyp06circ</value>
                <value>ptyp06isd</value>
                <value>ptyp06dml</value>
                <value>ptyp06sgn</value>
                <value>ptyp06pprc</value>
              </attribute>
              <attribute name="MeasureName">
                <value>peff06xmas</value>
                <value>peff06xmss</value>
                <value>peff06nyd</value>
                <value>peff06eas</value>
                <value>peff06bts</value>
                <value>peff06circ</value>
                <value>peff06isd</value>
                <value>peff06dml</value>
                <value>peff06sgn</value>
                <value>peff06pprc</value>
                <value>povr06xmas</value>
                <value>povr06xmss</value>
                <value>povr06nyd</value>
                <value>povr06eas</value>
                <value>povr06bts</value>
                <value>povr06circ</value>
                <value>povr06isd</value>
                <value>povr06dml</value>
                <value>povr06sgn</value>
                <value>povr06pprc</value>
                <value>ptyp06xmas</value>
                <value>ptyp06xmss</value>
                <value>ptyp06nyd</value>
                <value>ptyp06eas</value>
                <value>ptyp06bts</value>
                <value>ptyp06circ</value>
                <value>ptyp06isd</value>
                <value>ptyp06dml</value>
                <value>ptyp06sgn</value>
                <value>ptyp06pprc</value>
              </attribute>
            </data_model>
            <data_model type="Profile">
              <attribute name="name">
                <value>Default</value>
              </attribute>
              <attribute name="Label">
                <value>Default</value>
              </attribute>
              <attribute name="Measures">
                <value>ptyp06xmas</value>
                <value>ptyp06xmss</value>
                <value>ptyp06nyd</value>
                <value>ptyp06eas</value>
                <value>ptyp06bts</value>
                <value>ptyp06circ</value>
                <value>ptyp06isd</value>
                <value>ptyp06dml</value>
                <value>ptyp06sgn</value>
                <value>ptyp06pprc</value>
                <value>povr06xmas</value>
                <value>povr06xmss</value>
                <value>povr06nyd</value>
                <value>povr06eas</value>
                <value>povr06bts</value>
                <value>povr06circ</value>
                <value>povr06isd</value>
                <value>povr06dml</value>
                <value>povr06sgn</value>
                <value>povr06pprc</value>
                <value>peff06xmas</value>
                <value>peff06xmss</value>
                <value>peff06nyd</value>
                <value>peff06eas</value>
                <value>peff06bts</value>
                <value>peff06circ</value>
                <value>peff06isd</value>
                <value>peff06dml</value>
                <value>peff06sgn</value>
                <value>peff06pprc</value>
              </attribute>
              <attribute name="MeasureName">
                <value>ptyp06xmas</value>
                <value>ptyp06xmss</value>
                <value>ptyp06nyd</value>
                <value>ptyp06eas</value>
                <value>ptyp06bts</value>
                <value>ptyp06circ</value>
                <value>ptyp06isd</value>
                <value>ptyp06dml</value>
                <value>ptyp06sgn</value>
                <value>ptyp06pprc</value>
                <value>povr06xmas</value>
                <value>povr06xmss</value>
                <value>povr06nyd</value>
                <value>povr06eas</value>
                <value>povr06bts</value>
                <value>povr06circ</value>
                <value>povr06isd</value>
                <value>povr06dml</value>
                <value>povr06sgn</value>
                <value>povr06pprc</value>
                <value>peff06xmas</value>
                <value>peff06xmss</value>
                <value>peff06nyd</value>
                <value>peff06eas</value>
                <value>peff06bts</value>
                <value>peff06circ</value>
                <value>peff06isd</value>
                <value>peff06dml</value>
                <value>peff06sgn</value>
                <value>peff06pprc</value>
              </attribute>
            </data_model>
          </data_model>
          <data_model type="AxisInfo">
            <attribute name="name">
              <value>AxisInfo</value>
            </attribute>
            <attribute name="MEASAxis">
              <value>XAxis</value>
            </attribute>
            <attribute name="MEASOrder">
              <value>0</value>
            </attribute>
            <attribute name="PRODAxis">
              <value>YAxis</value>
            </attribute>
            <attribute name="PRODOrder">
              <value>0</value>
            </attribute>
            <attribute name="LOCAxis">
              <value>ZAxis</value>
            </attribute>
            <attribute name="LOCOrder">
              <value>0</value>
            </attribute>
          </data_model>
          <data_model type="PositionQueries">
            <attribute name="name">
              <value>PositionQueries</value>
            </attribute>
          </data_model>
          <data_model type="StyleORs">
            <attribute name="name">
              <value>StyleORs</value>
            </attribute>
          </data_model>
        </data_model>
      </data_model>
    </data_model>
    <data_model type="WorkbookTab">
      <attribute name="name">
        <value>Level08</value>
      </attribute>
      <attribute name="Label">
        <value>Level 8 - itm/dst/week</value>
      </attribute>
      <data_model type="Worksheets">
        <attribute name="name">
          <value>Worksheets</value>
        </attribute>
        <data_model type="Worksheet">
          <attribute name="name">
            <value>promoparm08</value>
          </attribute>
          <attribute name="Label">
            <value>Promotion Parameters for Level 8 - itm/dst/week</value>
          </attribute>
          <attribute name="WorksheetIntersection">
            <value>#frcstTSint08#</value>
          </attribute>
          <attribute name="IsUseDefaultAxis">
            <value>false</value>
          </attribute>
          <data_model type="Profiles">
            <attribute name="name">
              <value>Profiles</value>
            </attribute>
            <data_model type="Profile">
              <attribute name="name">
                <value>Viewable</value>
              </attribute>
              <attribute name="Label">
                <value>Viewable</value>
              </attribute>
              <attribute name="Measures">
                <value>peff08xmas</value>
                <value>peff08xmss</value>
                <value>peff08nyd</value>
                <value>peff08eas</value>
                <value>peff08bts</value>
                <value>peff08circ</value>
                <value>peff08isd</value>
                <value>peff08dml</value>
                <value>peff08sgn</value>
                <value>peff08pprc</value>
                <value>povr08xmas</value>
                <value>povr08xmss</value>
                <value>povr08nyd</value>
                <value>povr08eas</value>
                <value>povr08bts</value>
                <value>povr08circ</value>
                <value>povr08isd</value>
                <value>povr08dml</value>
                <value>povr08sgn</value>
                <value>povr08pprc</value>
                <value>ptyp08xmas</value>
                <value>ptyp08xmss</value>
                <value>ptyp08nyd</value>
                <value>ptyp08eas</value>
                <value>ptyp08bts</value>
                <value>ptyp08circ</value>
                <value>ptyp08isd</value>
                <value>ptyp08dml</value>
                <value>ptyp08sgn</value>
                <value>ptyp08pprc</value>
              </attribute>
              <attribute name="MeasureName">
                <value>peff08xmas</value>
                <value>peff08xmss</value>
                <value>peff08nyd</value>
                <value>peff08eas</value>
                <value>peff08bts</value>
                <value>peff08circ</value>
                <value>peff08isd</value>
                <value>peff08dml</value>
                <value>peff08sgn</value>
                <value>peff08pprc</value>
                <value>povr08xmas</value>
                <value>povr08xmss</value>
                <value>povr08nyd</value>
                <value>povr08eas</value>
                <value>povr08bts</value>
                <value>povr08circ</value>
                <value>povr08isd</value>
                <value>povr08dml</value>
                <value>povr08sgn</value>
                <value>povr08pprc</value>
                <value>ptyp08xmas</value>
                <value>ptyp08xmss</value>
                <value>ptyp08nyd</value>
                <value>ptyp08eas</value>
                <value>ptyp08bts</value>
                <value>ptyp08circ</value>
                <value>ptyp08isd</value>
                <value>ptyp08dml</value>
                <value>ptyp08sgn</value>
                <value>ptyp08pprc</value>
              </attribute>
            </data_model>
            <data_model type="Profile">
              <attribute name="name">
                <value>Default</value>
              </attribute>
              <attribute name="Label">
                <value>Default</value>
              </attribute>
              <attribute name="Measures">
                <value>ptyp08xmas</value>
                <value>ptyp08xmss</value>
                <value>ptyp08nyd</value>
                <value>ptyp08eas</value>
                <value>ptyp08bts</value>
                <value>ptyp08circ</value>
                <value>ptyp08isd</value>
                <value>ptyp08dml</value>
                <value>ptyp08sgn</value>
                <value>ptyp08pprc</value>
                <value>povr08xmas</value>
                <value>povr08xmss</value>
                <value>povr08nyd</value>
                <value>povr08eas</value>
                <value>povr08bts</value>
                <value>povr08circ</value>
                <value>povr08isd</value>
                <value>povr08dml</value>
                <value>povr08sgn</value>
                <value>povr08pprc</value>
                <value>peff08xmas</value>
                <value>peff08xmss</value>
                <value>peff08nyd</value>
                <value>peff08eas</value>
                <value>peff08bts</value>
                <value>peff08circ</value>
                <value>peff08isd</value>
                <value>peff08dml</value>
                <value>peff08sgn</value>
                <value>peff08pprc</value>
              </attribute>
              <attribute name="MeasureName">
                <value>ptyp08xmas</value>
                <value>ptyp08xmss</value>
                <value>ptyp08nyd</value>
                <value>ptyp08eas</value>
                <value>ptyp08bts</value>
                <value>ptyp08circ</value>
                <value>ptyp08isd</value>
                <value>ptyp08dml</value>
                <value>ptyp08sgn</value>
                <value>ptyp08pprc</value>
                <value>povr08xmas</value>
                <value>povr08xmss</value>
                <value>povr08nyd</value>
                <value>povr08eas</value>
                <value>povr08bts</value>
                <value>povr08circ</value>
                <value>povr08isd</value>
                <value>povr08dml</value>
                <value>povr08sgn</value>
                <value>povr08pprc</value>
                <value>peff08xmas</value>
                <value>peff08xmss</value>
                <value>peff08nyd</value>
                <value>peff08eas</value>
                <value>peff08bts</value>
                <value>peff08circ</value>
                <value>peff08isd</value>
                <value>peff08dml</value>
                <value>peff08sgn</value>
                <value>peff08pprc</value>
              </attribute>
            </data_model>
          </data_model>
          <data_model type="AxisInfo">
            <attribute name="name">
              <value>AxisInfo</value>
            </attribute>
            <attribute name="MEASAxis">
              <value>XAxis</value>
            </attribute>
            <attribute name="MEASOrder">
              <value>0</value>
            </attribute>
            <attribute name="PRODAxis">
              <value>YAxis</value>
            </attribute>
            <attribute name="PRODOrder">
              <value>0</value>
            </attribute>
            <attribute name="LOCAxis">
              <value>ZAxis</value>
            </attribute>
            <attribute name="LOCOrder">
              <value>0</value>
            </attribute>
          </data_model>
          <data_model type="PositionQueries">
            <attribute name="name">
              <value>PositionQueries</value>
            </attribute>
          </data_model>
          <data_model type="StyleORs">
            <attribute name="name">
              <value>StyleORs</value>
            </attribute>
          </data_model>
        </data_model>
      </data_model>
    </data_model>
    <data_model type="WorkbookTab">
      <attribute name="name">
        <value>Level10</value>
      </attribute>
      <attribute name="Label">
        <value>Level 10 - itm/area/day-Final</value>
      </attribute>
      <data_model type="Worksheets">
        <attribute name="name">
          <value>Worksheets</value>
        </attribute>
        <data_model type="Worksheet">
          <attribute name="name">
            <value>promoparm10</value>
          </attribute>
          <attribute name="Label">
            <value>Promotion Parameters for Level 10 - itm/area/day-Final</value>
          </attribute>
          <attribute name="WorksheetIntersection">
            <value>#frcstTSint10#</value>
          </attribute>
          <attribute name="IsUseDefaultAxis">
            <value>false</value>
          </attribute>
          <data_model type="Profiles">
            <attribute name="name">
              <value>Profiles</value>
            </attribute>
            <data_model type="Profile">
              <attribute name="name">
                <value>Viewable</value>
              </attribute>
              <attribute name="Label">
                <value>Viewable</value>
              </attribute>
              <attribute name="Measures">
                <value>peff10xmas</value>
                <value>peff10xmss</value>
                <value>peff10nyd</value>
                <value>peff10eas</value>
                <value>peff10bts</value>
                <value>peff10circ</value>
                <value>peff10isd</value>
                <value>peff10dml</value>
                <value>peff10sgn</value>
                <value>peff10pprc</value>
                <value>povr10xmas</value>
                <value>povr10xmss</value>
                <value>povr10nyd</value>
                <value>povr10eas</value>
                <value>povr10bts</value>
                <value>povr10circ</value>
                <value>povr10isd</value>
                <value>povr10dml</value>
                <value>povr10sgn</value>
                <value>povr10pprc</value>
                <value>ptyp10xmas</value>
                <value>ptyp10xmss</value>
                <value>ptyp10nyd</value>
                <value>ptyp10eas</value>
                <value>ptyp10bts</value>
                <value>ptyp10circ</value>
                <value>ptyp10isd</value>
                <value>ptyp10dml</value>
                <value>ptyp10sgn</value>
                <value>ptyp10pprc</value>
              </attribute>
              <attribute name="MeasureName">
                <value>peff10xmas</value>
                <value>peff10xmss</value>
                <value>peff10nyd</value>
                <value>peff10eas</value>
                <value>peff10bts</value>
                <value>peff10circ</value>
                <value>peff10isd</value>
                <value>peff10dml</value>
                <value>peff10sgn</value>
                <value>peff10pprc</value>
                <value>povr10xmas</value>
                <value>povr10xmss</value>
                <value>povr10nyd</value>
                <value>povr10eas</value>
                <value>povr10bts</value>
                <value>povr10circ</value>
                <value>povr10isd</value>
                <value>povr10dml</value>
                <value>povr10sgn</value>
                <value>povr10pprc</value>
                <value>ptyp10xmas</value>
                <value>ptyp10xmss</value>
                <value>ptyp10nyd</value>
                <value>ptyp10eas</value>
                <value>ptyp10bts</value>
                <value>ptyp10circ</value>
                <value>ptyp10isd</value>
                <value>ptyp10dml</value>
                <value>ptyp10sgn</value>
                <value>ptyp10pprc</value>
              </attribute>
            </data_model>
            <data_model type="Profile">
              <attribute name="name">
                <value>Default</value>
              </attribute>
              <attribute name="Label">
                <value>Default</value>
              </attribute>
              <attribute name="Measures">
                <value>ptyp10xmas</value>
                <value>ptyp10xmss</value>
                <value>ptyp10nyd</value>
                <value>ptyp10eas</value>
                <value>ptyp10bts</value>
                <value>ptyp10circ</value>
                <value>ptyp10isd</value>
                <value>ptyp10dml</value>
                <value>ptyp10sgn</value>
                <value>ptyp10pprc</value>
                <value>povr10xmas</value>
                <value>povr10xmss</value>
                <value>povr10nyd</value>
                <value>povr10eas</value>
                <value>povr10bts</value>
                <value>povr10circ</value>
                <value>povr10isd</value>
                <value>povr10dml</value>
                <value>povr10sgn</value>
                <value>povr10pprc</value>
                <value>peff10xmas</value>
                <value>peff10xmss</value>
                <value>peff10nyd</value>
                <value>peff10eas</value>
                <value>peff10bts</value>
                <value>peff10circ</value>
                <value>peff10isd</value>
                <value>peff10dml</value>
                <value>peff10sgn</value>
                <value>peff10pprc</value>
              </attribute>
              <attribute name="MeasureName">
                <value>ptyp10xmas</value>
                <value>ptyp10xmss</value>
                <value>ptyp10nyd</value>
                <value>ptyp10eas</value>
                <value>ptyp10bts</value>
                <value>ptyp10circ</value>
                <value>ptyp10isd</value>
                <value>ptyp10dml</value>
                <value>ptyp10sgn</value>
                <value>ptyp10pprc</value>
                <value>povr10xmas</value>
                <value>povr10xmss</value>
                <value>povr10nyd</value>
                <value>povr10eas</value>
                <value>povr10bts</value>
                <value>povr10circ</value>
                <value>povr10isd</value>
                <value>povr10dml</value>
                <value>povr10sgn</value>
                <value>povr10pprc</value>
                <value>peff10xmas</value>
                <value>peff10xmss</value>
                <value>peff10nyd</value>
                <value>peff10eas</value>
                <value>peff10bts</value>
                <value>peff10circ</value>
                <value>peff10isd</value>
                <value>peff10dml</value>
                <value>peff10sgn</value>
                <value>peff10pprc</value>
              </attribute>
            </data_model>
          </data_model>
          <data_model type="AxisInfo">
            <attribute name="name">
              <value>AxisInfo</value>
            </attribute>
            <attribute name="MEASAxis">
              <value>XAxis</value>
            </attribute>
            <attribute name="MEASOrder">
              <value>0</value>
            </attribute>
            <attribute name="PRODAxis">
              <value>YAxis</value>
            </attribute>
            <attribute name="PRODOrder">
              <value>0</value>
            </attribute>
            <attribute name="LOCAxis">
              <value>ZAxis</value>
            </attribute>
            <attribute name="LOCOrder">
              <value>0</value>
            </attribute>
          </data_model>
          <data_model type="PositionQueries">
            <attribute name="name">
              <value>PositionQueries</value>
            </attribute>
          </data_model>
          <data_model type="StyleORs">
            <attribute name="name">
              <value>StyleORs</value>
            </attribute>
          </data_model>
        </data_model>
      </data_model>
    </data_model>
    <data_model type="WorkbookTab">
      <attribute name="name">
        <value>Level15</value>
      </attribute>
      <attribute name="Label">
        <value>Level 15 - itm/str/week-Final - Causal SLC</value>
      </attribute>
      <data_model type="Worksheets">
        <attribute name="name">
          <value>Worksheets</value>
        </attribute>
        <data_model type="Worksheet">
          <attribute name="name">
            <value>promoparm15</value>
          </attribute>
          <attribute name="Label">
            <value>Promotion Parameters for Level 15 - itm/str/week-Final - Causal SLC</value>
          </attribute>
          <attribute name="WorksheetIntersection">
            <value>#frcstTSint15#</value>
          </attribute>
          <attribute name="IsUseDefaultAxis">
            <value>false</value>
          </attribute>
          <data_model type="Profiles">
            <attribute name="name">
              <value>Profiles</value>
            </attribute>
            <data_model type="Profile">
              <attribute name="name">
                <value>Viewable</value>
              </attribute>
              <attribute name="Label">
                <value>Viewable</value>
              </attribute>
              <attribute name="Measures">
                <value>peff15xmas</value>
                <value>peff15xmss</value>
                <value>peff15nyd</value>
                <value>peff15eas</value>
                <value>peff15bts</value>
                <value>peff15circ</value>
                <value>peff15isd</value>
                <value>peff15dml</value>
                <value>peff15sgn</value>
                <value>peff15pprc</value>
                <value>povr15xmas</value>
                <value>povr15xmss</value>
                <value>povr15nyd</value>
                <value>povr15eas</value>
                <value>povr15bts</value>
                <value>povr15circ</value>
                <value>povr15isd</value>
                <value>povr15dml</value>
                <value>povr15sgn</value>
                <value>povr15pprc</value>
                <value>ptyp15xmas</value>
                <value>ptyp15xmss</value>
                <value>ptyp15nyd</value>
                <value>ptyp15eas</value>
                <value>ptyp15bts</value>
                <value>ptyp15circ</value>
                <value>ptyp15isd</value>
                <value>ptyp15dml</value>
                <value>ptyp15sgn</value>
                <value>ptyp15pprc</value>
              </attribute>
              <attribute name="MeasureName">
                <value>peff15xmas</value>
                <value>peff15xmss</value>
                <value>peff15nyd</value>
                <value>peff15eas</value>
                <value>peff15bts</value>
                <value>peff15circ</value>
                <value>peff15isd</value>
                <value>peff15dml</value>
                <value>peff15sgn</value>
                <value>peff15pprc</value>
                <value>povr15xmas</value>
                <value>povr15xmss</value>
                <value>povr15nyd</value>
                <value>povr15eas</value>
                <value>povr15bts</value>
                <value>povr15circ</value>
                <value>povr15isd</value>
                <value>povr15dml</value>
                <value>povr15sgn</value>
                <value>povr15pprc</value>
                <value>ptyp15xmas</value>
                <value>ptyp15xmss</value>
                <value>ptyp15nyd</value>
                <value>ptyp15eas</value>
                <value>ptyp15bts</value>
                <value>ptyp15circ</value>
                <value>ptyp15isd</value>
                <value>ptyp15dml</value>
                <value>ptyp15sgn</value>
                <value>ptyp15pprc</value>
              </attribute>
            </data_model>
            <data_model type="Profile">
              <attribute name="name">
                <value>Default</value>
              </attribute>
              <attribute name="Label">
                <value>Default</value>
              </attribute>
              <attribute name="Measures">
                <value>ptyp15xmas</value>
                <value>ptyp15xmss</value>
                <value>ptyp15nyd</value>
                <value>ptyp15eas</value>
                <value>ptyp15bts</value>
                <value>ptyp15circ</value>
                <value>ptyp15isd</value>
                <value>ptyp15dml</value>
                <value>ptyp15sgn</value>
                <value>ptyp15pprc</value>
                <value>povr15xmas</value>
                <value>povr15xmss</value>
                <value>povr15nyd</value>
                <value>povr15eas</value>
                <value>povr15bts</value>
                <value>povr15circ</value>
                <value>povr15isd</value>
                <value>povr15dml</value>
                <value>povr15sgn</value>
                <value>povr15pprc</value>
                <value>peff15xmas</value>
                <value>peff15xmss</value>
                <value>peff15nyd</value>
                <value>peff15eas</value>
                <value>peff15bts</value>
                <value>peff15circ</value>
                <value>peff15isd</value>
                <value>peff15dml</value>
                <value>peff15sgn</value>
                <value>peff15pprc</value>
              </attribute>
              <attribute name="MeasureName">
                <value>ptyp15xmas</value>
                <value>ptyp15xmss</value>
                <value>ptyp15nyd</value>
                <value>ptyp15eas</value>
                <value>ptyp15bts</value>
                <value>ptyp15circ</value>
                <value>ptyp15isd</value>
                <value>ptyp15dml</value>
                <value>ptyp15sgn</value>
                <value>ptyp15pprc</value>
                <value>povr15xmas</value>
                <value>povr15xmss</value>
                <value>povr15nyd</value>
                <value>povr15eas</value>
                <value>povr15bts</value>
                <value>povr15circ</value>
                <value>povr15isd</value>
                <value>povr15dml</value>
                <value>povr15sgn</value>
                <value>povr15pprc</value>
                <value>peff15xmas</value>
                <value>peff15xmss</value>
                <value>peff15nyd</value>
                <value>peff15eas</value>
                <value>peff15bts</value>
                <value>peff15circ</value>
                <value>peff15isd</value>
                <value>peff15dml</value>
                <value>peff15sgn</value>
                <value>peff15pprc</value>
              </attribute>
            </data_model>
          </data_model>
          <data_model type="AxisInfo">
            <attribute name="name">
              <value>AxisInfo</value>
            </attribute>
            <attribute name="MEASAxis">
              <value>XAxis</value>
            </attribute>
            <attribute name="MEASOrder">
              <value>0</value>
            </attribute>
            <attribute name="PRODAxis">
              <value>YAxis</value>
            </attribute>
            <attribute name="PRODOrder">
              <value>0</value>
            </attribute>
            <attribute name="LOCAxis">
              <value>ZAxis</value>
            </attribute>
            <attribute name="LOCOrder">
              <value>0</value>
            </attribute>
          </data_model>
          <data_model type="PositionQueries">
            <attribute name="name">
              <value>PositionQueries</value>
            </attribute>
          </data_model>
          <data_model type="StyleORs">
            <attribute name="name">
              <value>StyleORs</value>
            </attribute>
          </data_model>
        </data_model>
      </data_model>
    </data_model>
  </data_model>
  <data_model type="DynHiers">
    <attribute name="name">
      <value>DynHiers</value>
    </attribute>
  </data_model>
  <data_model type="EditedMeasures">
    <attribute name="name">
      <value>EditedMeasures</value>
    </attribute>
  </data_model>
</data_set>
