<?xml version="1.0" encoding="UTF-8"?>
<data_set type="Workbook">
  <attribute name="name">
    <value>PRPL</value>
  </attribute>
  <attribute name="Label">
    <value>Promotion Planner</value>
  </attribute>
  <attribute name="WorkbookGroup">
    <value>Promote</value>
  </attribute>
  <attribute name="WorkbookLib">
    <value>RdfTemplates</value>
  </attribute>
  <attribute name="WorkbookType">
    <value>PromoteDynamicTemplate</value>
  </attribute>
  <attribute name="IsWizardOnly">
    <value>false</value>
  </attribute>
  <attribute name="IsImageEnabled">
    <value>false</value>
  </attribute>
  <attribute name="RuleSet">
    <value>PRPL</value>
  </attribute>
  <attribute name="LoadRules">
    <value>PRPL_load</value>
  </attribute>
  <attribute name="CommitRules">
    <value>PRPL_commit</value>
  </attribute>
  <attribute name="CalcRules">
    <value>PRPL_calc</value>
  </attribute>
  <attribute name="RefreshRules">
    <value>PRPL_refresh</value>
  </attribute>
  <attribute name="IsUseDefaults">
    <value>true</value>
  </attribute>
  <attribute name="DpmDimensions">
    <value></value>
  </attribute>
  <attribute name="IsCustomWizard">
    <value>true</value>
  </attribute>
  <attribute name="properties">
    <value>wsoptnyd</value>
    <value>ropt_loadisd</value>
    <value>ropt_loadpprc</value>
    <value>CREATOR</value>
    <value>ropt_refreshxmas</value>
    <value>ropt_refreshbts</value>
    <value>ropt_refreshisd</value>
    <value>ropt_refresh_p_</value>
    <value>ropt_calcdml</value>
    <value>ropt_calcxmas</value>
    <value>ropt_refreshxmss</value>
    <value>ropt_refreshnyd</value>
    <value>ropt_calc_P_</value>
    <value>ropt_calcxmss</value>
    <value>ropt_loadnyd</value>
    <value>wsoptxmss</value>
    <value>ropt_commitxmas</value>
    <value>ropt_loadsgn</value>
    <value>ropt_loadeas</value>
    <value>ropt_commitdml</value>
    <value>ropt_calcpprc</value>
    <value>wsopt_p_</value>
    <value>wsoptcirc</value>
    <value>ropt_commitcirc</value>
    <value>ropt_calcnyd</value>
    <value>ropt_commitpprc</value>
    <value>ropt_load_p_</value>
    <value>ropt_loadbts</value>
    <value>wsoptpprc</value>
    <value>ropt_commitisd</value>
    <value>ropt_calceas</value>
    <value>wsoptsgn</value>
    <value>ropt_calcsgn</value>
    <value>ropt_calccirc</value>
    <value>ropt_commit_P_</value>
    <value>wsopteas</value>
    <value>ropt_calcbts</value>
    <value>ropt_refreshsgn</value>
    <value>ropt_refresheas</value>
    <value>wsoptxmas</value>
    <value>ropt_commitxmss</value>
    <value>ropt_commitsgn</value>
    <value>ropt_load_P_</value>
    <value>wsopt_P_</value>
    <value>ropt_refreshcirc</value>
    <value>wsoptisd</value>
    <value>ropt_calcisd</value>
    <value>ropt_loaddml</value>
    <value>ropt_loadxmas</value>
    <value>ropt_refreshdml</value>
    <value>wsoptbts</value>
    <value>ropt_commitnyd</value>
    <value>ropt_loadxmss</value>
    <value>ropt_refreshpprc</value>
    <value>wsoptdml</value>
    <value>ropt_loadcirc</value>
    <value>ropt_commiteas</value>
    <value>ropt_commit_p_</value>
    <value>ropt_commitbts</value>
    <value>ropt_refresh_P_</value>
    <value>ropt_calc_p_</value>
  </attribute>
  <attribute name="wsoptnyd">
    <value>promoplan2</value>
  </attribute>
  <attribute name="ropt_loadisd">
    <value>PRPL_loadisd</value>
  </attribute>
  <attribute name="ropt_loadpprc">
    <value>PRPL_loadpprc</value>
  </attribute>
  <attribute name="CREATOR">
    <value>Promote</value>
  </attribute>
  <attribute name="ropt_refreshxmas">
    <value>PRPL_refreshxmas</value>
  </attribute>
  <attribute name="ropt_refreshbts">
    <value>PRPL_refreshbts</value>
  </attribute>
  <attribute name="ropt_refreshisd">
    <value>PRPL_refreshisd</value>
  </attribute>
  <attribute name="ropt_refresh_p_">
    <value>PRPL_refresh_P_</value>
  </attribute>
  <attribute name="ropt_calcdml">
    <value>PRPL_calcdml</value>
  </attribute>
  <attribute name="ropt_calcxmas">
    <value>PRPL_calcxmas</value>
  </attribute>
  <attribute name="ropt_refreshxmss">
    <value>PRPL_refreshxmss</value>
  </attribute>
  <attribute name="ropt_refreshnyd">
    <value>PRPL_refreshnyd</value>
  </attribute>
  <attribute name="ropt_calcxmss">
    <value>PRPL_calcxmss</value>
  </attribute>
  <attribute name="ropt_loadnyd">
    <value>PRPL_loadnyd</value>
  </attribute>
  <attribute name="wsoptxmss">
    <value>promoplan1</value>
  </attribute>
  <attribute name="ropt_commitxmas">
    <value>PRPL_commitxmas</value>
  </attribute>
  <attribute name="ropt_loadsgn">
    <value>PRPL_loadsgn</value>
  </attribute>
  <attribute name="ropt_loadeas">
    <value>PRPL_loadeas</value>
  </attribute>
  <attribute name="ropt_commitdml">
    <value>PRPL_commitdml</value>
  </attribute>
  <attribute name="ropt_calcpprc">
    <value>PRPL_calcpprc</value>
  </attribute>
  <attribute name="wsopt_p_">
    <value>promoplan_PINT_</value>
  </attribute>
  <attribute name="wsoptcirc">
    <value>promoplan3</value>
  </attribute>
  <attribute name="ropt_commitcirc">
    <value>PRPL_commitcirc</value>
  </attribute>
  <attribute name="ropt_calcnyd">
    <value>PRPL_calcnyd</value>
  </attribute>
  <attribute name="ropt_commitpprc">
    <value>PRPL_commitpprc</value>
  </attribute>
  <attribute name="ropt_load_p_">
    <value>PRPL_load_P_</value>
  </attribute>
  <attribute name="ropt_loadbts">
    <value>PRPL_loadbts</value>
  </attribute>
  <attribute name="wsoptpprc">
    <value>promoplan3</value>
  </attribute>
  <attribute name="ropt_commitisd">
    <value>PRPL_commitisd</value>
  </attribute>
  <attribute name="ropt_calceas">
    <value>PRPL_calceas</value>
  </attribute>
  <attribute name="wsoptsgn">
    <value>promoplan4</value>
  </attribute>
  <attribute name="ropt_calcsgn">
    <value>PRPL_calcsgn</value>
  </attribute>
  <attribute name="ropt_calccirc">
    <value>PRPL_calccirc</value>
  </attribute>
  <attribute name="wsopteas">
    <value>promoplan2</value>
  </attribute>
  <attribute name="ropt_calcbts">
    <value>PRPL_calcbts</value>
  </attribute>
  <attribute name="ropt_refreshsgn">
    <value>PRPL_refreshsgn</value>
  </attribute>
  <attribute name="ropt_refresheas">
    <value>PRPL_refresheas</value>
  </attribute>
  <attribute name="wsoptxmas">
    <value>promoplan0</value>
  </attribute>
  <attribute name="ropt_commitxmss">
    <value>PRPL_commitxmss</value>
  </attribute>
  <attribute name="ropt_commitsgn">
    <value>PRPL_commitsgn</value>
  </attribute>
  <attribute name="ropt_refreshcirc">
    <value>PRPL_refreshcirc</value>
  </attribute>
  <attribute name="wsoptisd">
    <value>promoplan3</value>
  </attribute>
  <attribute name="ropt_calcisd">
    <value>PRPL_calcisd</value>
  </attribute>
  <attribute name="ropt_loaddml">
    <value>PRPL_loaddml</value>
  </attribute>
  <attribute name="ropt_loadxmas">
    <value>PRPL_loadxmas</value>
  </attribute>
  <attribute name="ropt_refreshdml">
    <value>PRPL_refreshdml</value>
  </attribute>
  <attribute name="wsoptbts">
    <value>promoplan1</value>
  </attribute>
  <attribute name="ropt_commitnyd">
    <value>PRPL_commitnyd</value>
  </attribute>
  <attribute name="ropt_loadxmss">
    <value>PRPL_loadxmss</value>
  </attribute>
  <attribute name="ropt_refreshpprc">
    <value>PRPL_refreshpprc</value>
  </attribute>
  <attribute name="wsoptdml">
    <value>promoplan4</value>
  </attribute>
  <attribute name="ropt_loadcirc">
    <value>PRPL_loadcirc</value>
  </attribute>
  <attribute name="ropt_commiteas">
    <value>PRPL_commiteas</value>
  </attribute>
  <attribute name="ropt_commit_p_">
    <value>PRPL_commit_P_</value>
  </attribute>
  <attribute name="ropt_commitbts">
    <value>PRPL_commitbts</value>
  </attribute>
  <attribute name="ropt_calc_p_">
    <value>PRPL_calc_P_</value>
  </attribute>
  <data_model type="AxisInfo">
    <attribute name="name">
      <value>AxisInfo</value>
    </attribute>
    <attribute name="MEASAxis">
      <value>XAxis</value>
    </attribute>
    <attribute name="MEASOrder">
      <value>0</value>
    </attribute>
  </data_model>
  <data_model type="Wizards">
    <attribute name="name">
      <value>Wizards</value>
    </attribute>
    <data_model type="CustomWizard">
      <attribute name="name">
        <value>prpl</value>
      </attribute>
    </data_model>
  </data_model>
  <data_model type="WorkbookTabs">
    <attribute name="name">
      <value>WorkbookTabs</value>
    </attribute>
    <data_model type="WorkbookTab">
      <attribute name="name">
        <value>promocal</value>
      </attribute>
      <attribute name="Label">
        <value>Promotion Calendar</value>
      </attribute>
      <data_model type="Worksheets">
        <attribute name="name">
          <value>Worksheets</value>
        </attribute>
        <data_model type="Worksheet">
          <attribute name="name">
            <value>promoplan0</value>
          </attribute>
          <attribute name="Label">
            <value>Promotions at day_clss</value>
          </attribute>
          <attribute name="WorksheetIntersection">
            <value>#promoint0#</value>
          </attribute>
          <attribute name="IsUseDefaultAxis">
            <value>false</value>
          </attribute>
          <data_model type="Profiles">
            <attribute name="name">
              <value>Profiles</value>
            </attribute>
            <data_model type="Profile">
              <attribute name="name">
                <value>Viewable</value>
              </attribute>
              <attribute name="Label">
                <value>Viewable</value>
              </attribute>
              <attribute name="Measures">
                <value>pvarXLxmas</value>
              </attribute>
              <attribute name="MeasureName">
                <value>pvarXLxmas</value>
              </attribute>
            </data_model>
            <data_model type="Profile">
              <attribute name="name">
                <value>Default</value>
              </attribute>
              <attribute name="Label">
                <value>Default</value>
              </attribute>
              <attribute name="Measures">
                <value>pvarXLxmas</value>
              </attribute>
              <attribute name="MeasureName">
                <value>pvarXLxmas</value>
              </attribute>
            </data_model>
          </data_model>
          <data_model type="AxisInfo">
            <attribute name="name">
              <value>AxisInfo</value>
            </attribute>
            <attribute name="CLNDAxis">
              <value>XAxis</value>
            </attribute>
            <attribute name="CLNDOrder">
              <value>0</value>
            </attribute>
            <attribute name="PRODAxis">
              <value>YAxis</value>
            </attribute>
            <attribute name="PRODOrder">
              <value>0</value>
            </attribute>
            <attribute name="MEASAxis">
              <value>YAxis</value>
            </attribute>
            <attribute name="MEASOrder">
              <value>1</value>
            </attribute>
          </data_model>
          <data_model type="PositionQueries">
            <attribute name="name">
              <value>PositionQueries</value>
            </attribute>
          </data_model>
          <data_model type="StyleORs">
            <attribute name="name">
              <value>StyleORs</value>
            </attribute>
          </data_model>
        </data_model>
        <data_model type="Worksheet">
          <attribute name="name">
            <value>promoplan2</value>
          </attribute>
          <attribute name="Label">
            <value>Promotions at day_item</value>
          </attribute>
          <attribute name="WorksheetIntersection">
            <value>#promoint2#</value>
          </attribute>
          <attribute name="IsUseDefaultAxis">
            <value>false</value>
          </attribute>
          <data_model type="Profiles">
            <attribute name="name">
              <value>Profiles</value>
            </attribute>
            <data_model type="Profile">
              <attribute name="name">
                <value>Viewable</value>
              </attribute>
              <attribute name="Label">
                <value>Viewable</value>
              </attribute>
              <attribute name="Measures">
                <value>pvarXLnyd</value>
                <value>pvarXLeas</value>
              </attribute>
              <attribute name="MeasureName">
                <value>pvarXLnyd</value>
                <value>pvarXLeas</value>
              </attribute>
            </data_model>
            <data_model type="Profile">
              <attribute name="name">
                <value>Default</value>
              </attribute>
              <attribute name="Label">
                <value>Default</value>
              </attribute>
              <attribute name="Measures">
                <value>pvarXLnyd</value>
                <value>pvarXLeas</value>
              </attribute>
              <attribute name="MeasureName">
                <value>pvarXLnyd</value>
                <value>pvarXLeas</value>
              </attribute>
            </data_model>
          </data_model>
          <data_model type="AxisInfo">
            <attribute name="name">
              <value>AxisInfo</value>
            </attribute>
            <attribute name="CLNDAxis">
              <value>XAxis</value>
            </attribute>
            <attribute name="CLNDOrder">
              <value>0</value>
            </attribute>
            <attribute name="PRODAxis">
              <value>YAxis</value>
            </attribute>
            <attribute name="PRODOrder">
              <value>0</value>
            </attribute>
            <attribute name="MEASAxis">
              <value>YAxis</value>
            </attribute>
            <attribute name="MEASOrder">
              <value>1</value>
            </attribute>
          </data_model>
          <data_model type="PositionQueries">
            <attribute name="name">
              <value>PositionQueries</value>
            </attribute>
          </data_model>
          <data_model type="StyleORs">
            <attribute name="name">
              <value>StyleORs</value>
            </attribute>
          </data_model>
        </data_model>
        <data_model type="Worksheet">
          <attribute name="name">
            <value>promoplan4</value>
          </attribute>
          <attribute name="Label">
            <value>Promotions at day_item_str</value>
          </attribute>
          <attribute name="WorksheetIntersection">
            <value>#promoint4#</value>
          </attribute>
          <attribute name="IsUseDefaultAxis">
            <value>false</value>
          </attribute>
          <data_model type="Profiles">
            <attribute name="name">
              <value>Profiles</value>
            </attribute>
            <data_model type="Profile">
              <attribute name="name">
                <value>Viewable</value>
              </attribute>
              <attribute name="Label">
                <value>Viewable</value>
              </attribute>
              <attribute name="Measures">
                <value>pvarXLdml</value>
                <value>pvarXLsgn</value>
              </attribute>
              <attribute name="MeasureName">
                <value>pvarXLdml</value>
                <value>pvarXLsgn</value>
              </attribute>
            </data_model>
            <data_model type="Profile">
              <attribute name="name">
                <value>Default</value>
              </attribute>
              <attribute name="Label">
                <value>Default</value>
              </attribute>
              <attribute name="Measures">
                <value>pvarXLdml</value>
                <value>pvarXLsgn</value>
              </attribute>
              <attribute name="MeasureName">
                <value>pvarXLdml</value>
                <value>pvarXLsgn</value>
              </attribute>
            </data_model>
          </data_model>
          <data_model type="AxisInfo">
            <attribute name="name">
              <value>AxisInfo</value>
            </attribute>
            <attribute name="CLNDAxis">
              <value>XAxis</value>
            </attribute>
            <attribute name="CLNDOrder">
              <value>0</value>
            </attribute>
            <attribute name="PRODAxis">
              <value>YAxis</value>
            </attribute>
            <attribute name="PRODOrder">
              <value>0</value>
            </attribute>
            <attribute name="MEASAxis">
              <value>YAxis</value>
            </attribute>
            <attribute name="MEASOrder">
              <value>1</value>
            </attribute>
            <attribute name="LOCAxis">
              <value>ZAxis</value>
            </attribute>
            <attribute name="LOCOrder">
              <value>0</value>
            </attribute>
          </data_model>
          <data_model type="PositionQueries">
            <attribute name="name">
              <value>PositionQueries</value>
            </attribute>
          </data_model>
          <data_model type="StyleORs">
            <attribute name="name">
              <value>StyleORs</value>
            </attribute>
          </data_model>
        </data_model>
        <data_model type="Worksheet">
          <attribute name="name">
            <value>promoplan1</value>
          </attribute>
          <attribute name="Label">
            <value>Promotions at week_item</value>
          </attribute>
          <attribute name="WorksheetIntersection">
            <value>#promoint1#</value>
          </attribute>
          <attribute name="IsUseDefaultAxis">
            <value>false</value>
          </attribute>
          <data_model type="Profiles">
            <attribute name="name">
              <value>Profiles</value>
            </attribute>
            <data_model type="Profile">
              <attribute name="name">
                <value>Viewable</value>
              </attribute>
              <attribute name="Label">
                <value>Viewable</value>
              </attribute>
              <attribute name="Measures">
                <value>pvarXLxmss</value>
                <value>pvarXLbts</value>
              </attribute>
              <attribute name="MeasureName">
                <value>pvarXLxmss</value>
                <value>pvarXLbts</value>
              </attribute>
            </data_model>
            <data_model type="Profile">
              <attribute name="name">
                <value>Default</value>
              </attribute>
              <attribute name="Label">
                <value>Default</value>
              </attribute>
              <attribute name="Measures">
                <value>pvarXLxmss</value>
                <value>pvarXLbts</value>
              </attribute>
              <attribute name="MeasureName">
                <value>pvarXLxmss</value>
                <value>pvarXLbts</value>
              </attribute>
            </data_model>
          </data_model>
          <data_model type="AxisInfo">
            <attribute name="name">
              <value>AxisInfo</value>
            </attribute>
            <attribute name="CLNDAxis">
              <value>XAxis</value>
            </attribute>
            <attribute name="CLNDOrder">
              <value>0</value>
            </attribute>
            <attribute name="PRODAxis">
              <value>YAxis</value>
            </attribute>
            <attribute name="PRODOrder">
              <value>0</value>
            </attribute>
            <attribute name="MEASAxis">
              <value>YAxis</value>
            </attribute>
            <attribute name="MEASOrder">
              <value>1</value>
            </attribute>
          </data_model>
          <data_model type="PositionQueries">
            <attribute name="name">
              <value>PositionQueries</value>
            </attribute>
          </data_model>
          <data_model type="StyleORs">
            <attribute name="name">
              <value>StyleORs</value>
            </attribute>
          </data_model>
        </data_model>
        <data_model type="Worksheet">
          <attribute name="name">
            <value>promoplan3</value>
          </attribute>
          <attribute name="Label">
            <value>Promotions at week_item_str</value>
          </attribute>
          <attribute name="WorksheetIntersection">
            <value>#promoint3#</value>
          </attribute>
          <attribute name="IsUseDefaultAxis">
            <value>false</value>
          </attribute>
          <data_model type="Profiles">
            <attribute name="name">
              <value>Profiles</value>
            </attribute>
            <data_model type="Profile">
              <attribute name="name">
                <value>Viewable</value>
              </attribute>
              <attribute name="Label">
                <value>Viewable</value>
              </attribute>
              <attribute name="Measures">
                <value>pvarXLcirc</value>
                <value>pvarXLisd</value>
                <value>pvarXLpprc</value>
              </attribute>
              <attribute name="MeasureName">
                <value>pvarXLcirc</value>
                <value>pvarXLisd</value>
                <value>pvarXLpprc</value>
              </attribute>
            </data_model>
            <data_model type="Profile">
              <attribute name="name">
                <value>Default</value>
              </attribute>
              <attribute name="Label">
                <value>Default</value>
              </attribute>
              <attribute name="Measures">
                <value>pvarXLcirc</value>
                <value>pvarXLisd</value>
                <value>pvarXLpprc</value>
              </attribute>
              <attribute name="MeasureName">
                <value>pvarXLcirc</value>
                <value>pvarXLisd</value>
                <value>pvarXLpprc</value>
              </attribute>
            </data_model>
          </data_model>
          <data_model type="AxisInfo">
            <attribute name="name">
              <value>AxisInfo</value>
            </attribute>
            <attribute name="CLNDAxis">
              <value>XAxis</value>
            </attribute>
            <attribute name="CLNDOrder">
              <value>0</value>
            </attribute>
            <attribute name="PRODAxis">
              <value>YAxis</value>
            </attribute>
            <attribute name="PRODOrder">
              <value>0</value>
            </attribute>
            <attribute name="MEASAxis">
              <value>YAxis</value>
            </attribute>
            <attribute name="MEASOrder">
              <value>1</value>
            </attribute>
            <attribute name="LOCAxis">
              <value>ZAxis</value>
            </attribute>
            <attribute name="LOCOrder">
              <value>0</value>
            </attribute>
          </data_model>
          <data_model type="PositionQueries">
            <attribute name="name">
              <value>PositionQueries</value>
            </attribute>
          </data_model>
          <data_model type="StyleORs">
            <attribute name="name">
              <value>StyleORs</value>
            </attribute>
          </data_model>
        </data_model>
      </data_model>
    </data_model>
  </data_model>
  <data_model type="DynHiers">
    <attribute name="name">
      <value>DynHiers</value>
    </attribute>
  </data_model>
  <data_model type="EditedMeasures">
    <attribute name="name">
      <value>EditedMeasures</value>
    </attribute>
  </data_model>
</data_set>
