<?xml version="1.0" encoding="UTF-8"?>
<data_set type="com.retek.ride.rule.newmodel.RuleGroup">
  <attribute name="name">
    <value>PRMG_commit</value>
  </attribute>
  <attribute name="description">
    <value></value>
  </attribute>
  <attribute name="creator">
    <value>Promote</value>
  </attribute>
  <attribute name="role">
    <value>commit</value>
  </attribute>
  <data_model type="com.retek.ride.rule.newmodel.Rule">
    <attribute name="name">
      <value>PRMGCommit01</value>
    </attribute>
    <attribute name="description">
      <value>a rule</value>
    </attribute>
    <attribute name="creator">
      <value>Promote</value>
    </attribute>
    <data_model type="java.lang.String">
      <attribute name="name">
        <value>E0</value>
      </attribute>
      <attribute name="formula">
        <value>promoenable.master = promoenable</value>
      </attribute>
    </data_model>
  </data_model>
  <data_model type="com.retek.ride.rule.newmodel.Rule">
    <attribute name="name">
      <value>PRMGCommit02</value>
    </attribute>
    <attribute name="description">
      <value>a rule</value>
    </attribute>
    <attribute name="creator">
      <value>Promote</value>
    </attribute>
    <data_model type="java.lang.String">
      <attribute name="name">
        <value>E0</value>
      </attribute>
      <attribute name="formula">
        <value>promoallowneg.master = promoallowneg</value>
      </attribute>
    </data_model>
  </data_model>
  <data_model type="com.retek.ride.rule.newmodel.Rule">
    <attribute name="name">
      <value>PRMGCommit03</value>
    </attribute>
    <attribute name="description">
      <value>a rule</value>
    </attribute>
    <attribute name="creator">
      <value>Promote</value>
    </attribute>
    <data_model type="java.lang.String">
      <attribute name="name">
        <value>E0</value>
      </attribute>
      <attribute name="formula">
        <value>fpromoenable.master=fpromoenable</value>
      </attribute>
    </data_model>
  </data_model>
</data_set>
