<?xml version="1.0" encoding="UTF-8"?>
<data_set type="com.retek.ride.measure.model.NativeMeasureSet">
  <attribute name="name">
    <value>NativeMeasures</value>
  </attribute>
  <data_model type="com.retek.ride.measure.model.NativeMeasure">
    <attribute name="name">
      <value>#INHERITED#apcroexptmask</value>
    </attribute>
    <attribute name="creator">
      <value>user</value>
    </attribute>
    <attribute name="signature">
      <value>#INHERITED#apcroexptmask</value>
    </attribute>
  </data_model>
  <data_model type="com.retek.ride.measure.model.NativeMeasure">
    <attribute name="name">
      <value>#INHERITED#appcanneff</value>
    </attribute>
    <attribute name="creator">
      <value>user</value>
    </attribute>
    <attribute name="signature">
      <value>#INHERITED#appcanneff</value>
    </attribute>
  </data_model>
  <data_model type="com.retek.ride.measure.model.NativeMeasure">
    <attribute name="name">
      <value>#INHERITED#apphaloeff</value>
    </attribute>
    <attribute name="creator">
      <value>user</value>
    </attribute>
    <attribute name="signature">
      <value>#INHERITED#apphaloeff</value>
    </attribute>
  </data_model>
  <data_model type="com.retek.ride.measure.model.NativeMeasure">
    <attribute name="name">
      <value>#INHERITED#causslcros</value>
    </attribute>
    <attribute name="creator">
      <value>user</value>
    </attribute>
    <attribute name="signature">
      <value>#INHERITED#causslcros</value>
    </attribute>
  </data_model>
  <data_model type="com.retek.ride.measure.model.NativeMeasure">
    <attribute name="name">
      <value>#INHERITED#clnAdjMask</value>
    </attribute>
    <attribute name="label">
      <value>Included in clone adj calculation.</value>
    </attribute>
    <attribute name="creator">
      <value>user</value>
    </attribute>
    <attribute name="signature">
      <value>#INHERITED#clnAdjMask</value>
    </attribute>
  </data_model>
  <data_model type="com.retek.ride.measure.model.NativeMeasure">
    <attribute name="name">
      <value>clnadj</value>
    </attribute>
    <attribute name="creator">
      <value>user</value>
    </attribute>
    <attribute name="signature">
      <value>#INHERITED#clnadj</value>
    </attribute>
    <attribute name="previousname">
      <value>Clnsales</value>
    </attribute>
  </data_model>
  <data_model type="com.retek.ride.measure.model.NativeMeasure">
    <attribute name="name">
      <value>#INHERITED#compbaseline</value>
    </attribute>
    <attribute name="creator">
      <value>user</value>
    </attribute>
    <attribute name="signature">
      <value>#INHERITED#compbaseline</value>
    </attribute>
  </data_model>
  <data_model type="com.retek.ride.measure.model.NativeMeasure">
    <attribute name="name">
      <value>#INHERITED#compintv</value>
    </attribute>
    <attribute name="creator">
      <value>user</value>
    </attribute>
    <attribute name="signature">
      <value>#INHERITED#compintv</value>
    </attribute>
  </data_model>
  <data_model type="com.retek.ride.measure.model.NativeMeasure">
    <attribute name="name">
      <value>#INHERITED#compprice</value>
    </attribute>
    <attribute name="creator">
      <value>user</value>
    </attribute>
    <attribute name="signature">
      <value>#INHERITED#compprice</value>
    </attribute>
  </data_model>
  <data_model type="com.retek.ride.measure.model.NativeMeasure">
    <attribute name="name">
      <value>#INHERITED#comppromo</value>
    </attribute>
    <attribute name="creator">
      <value>user</value>
    </attribute>
    <attribute name="signature">
      <value>#INHERITED#comppromo</value>
    </attribute>
  </data_model>
  <data_model type="com.retek.ride.measure.model.NativeMeasure">
    <attribute name="name">
      <value>csal</value>
    </attribute>
    <attribute name="filename">
      <value>csal</value>
    </attribute>
    <attribute name="loadint">
      <value>day_item_str</value>
    </attribute>
    <attribute name="start">
      <value>49</value>
    </attribute>
    <attribute name="width">
      <value>8</value>
    </attribute>
    <attribute name="materialized">
      <value>0</value>
    </attribute>
    <attribute name="signature">
      <value>#INHERITED#csal</value>
    </attribute>
  </data_model>
  <data_model type="com.retek.ride.measure.model.NativeMeasure">
    <attribute name="name">
      <value>#INHERITED#daypos</value>
    </attribute>
    <attribute name="creator">
      <value>user</value>
    </attribute>
    <attribute name="signature">
      <value>#INHERITED#daypos</value>
    </attribute>
  </data_model>
  <data_model type="com.retek.ride.measure.model.NativeMeasure">
    <attribute name="name">
      <value>#INHERITED#discontalt</value>
    </attribute>
    <attribute name="db">
      <value>discontalt</value>
    </attribute>
    <attribute name="alertcategory">
      <value>itemalerts</value>
    </attribute>
    <attribute name="alertexpression">
      <value>Rule:alert_discontitem</value>
    </attribute>
    <attribute name="creator">
      <value>user</value>
    </attribute>
    <attribute name="signature">
      <value>#INHERITED#discontalt</value>
    </attribute>
    <attribute name="previousdb">
      <value>data/itemalts</value>
    </attribute>
  </data_model>
  <data_model type="com.retek.ride.measure.model.NativeMeasure">
    <attribute name="name">
      <value>#INHERITED#discontflag</value>
    </attribute>
    <attribute name="db">
      <value>discontflag</value>
    </attribute>
    <attribute name="filename">
      <value>discontflag</value>
    </attribute>
    <attribute name="loadint">
      <value>item</value>
    </attribute>
    <attribute name="start">
      <value>21</value>
    </attribute>
    <attribute name="width">
      <value>8</value>
    </attribute>
    <attribute name="creator">
      <value>user</value>
    </attribute>
    <attribute name="signature">
      <value>#INHERITED#discontflag</value>
    </attribute>
    <attribute name="previousdb">
      <value>data/itemalts</value>
    </attribute>
  </data_model>
  <data_model type="com.retek.ride.measure.model.NativeMeasure">
    <attribute name="name">
      <value>dpos</value>
    </attribute>
    <attribute name="filename">
      <value>dpos</value>
    </attribute>
    <attribute name="loadint">
      <value>day_item_str</value>
    </attribute>
    <attribute name="start">
      <value>49</value>
    </attribute>
    <attribute name="width">
      <value>8</value>
    </attribute>
    <attribute name="materialized">
      <value>0</value>
    </attribute>
    <attribute name="signature">
      <value>#INHERITED#dpos</value>
    </attribute>
  </data_model>
  <data_model type="com.retek.ride.measure.model.NativeMeasure">
    <attribute name="name">
      <value>fakhstadj</value>
    </attribute>
    <attribute name="materialized">
      <value>0</value>
    </attribute>
    <attribute name="signature">
      <value>#INHERITED#fakhstadj</value>
    </attribute>
  </data_model>
  <data_model type="com.retek.ride.measure.model.NativeMeasure">
    <attribute name="name">
      <value>#INHERITED#lstoday</value>
    </attribute>
    <attribute name="creator">
      <value>user</value>
    </attribute>
    <attribute name="signature">
      <value>#INHERITED#lstoday</value>
    </attribute>
  </data_model>
  <data_model type="com.retek.ride.measure.model.NativeMeasure">
    <attribute name="name">
      <value>#INHERITED#mskClnAdjExcl</value>
    </attribute>
    <attribute name="label">
      <value>Exclude from clone adjust calculation.</value>
    </attribute>
    <attribute name="creator">
      <value>user</value>
    </attribute>
    <attribute name="signature">
      <value>#INHERITED#mskClnAdjExcl</value>
    </attribute>
  </data_model>
  <data_model type="com.retek.ride.measure.model.NativeMeasure">
    <attribute name="name">
      <value>#INHERITED#mskEligProdLoc</value>
    </attribute>
    <attribute name="label">
      <value>Prod/Loc with cloned history and started selling in past clnslsprdXLXB periods.</value>
    </attribute>
    <attribute name="creator">
      <value>user</value>
    </attribute>
    <attribute name="signature">
      <value>#INHERITED#mskEligProdLoc</value>
    </attribute>
  </data_model>
  <data_model type="com.retek.ride.measure.model.NativeMeasure">
    <attribute name="name">
      <value>#INHERITED#newalt</value>
    </attribute>
    <attribute name="db">
      <value>newalt</value>
    </attribute>
    <attribute name="alertcategory">
      <value>itemalerts</value>
    </attribute>
    <attribute name="alertexpression">
      <value>Rule:alert_newitem</value>
    </attribute>
    <attribute name="creator">
      <value>user</value>
    </attribute>
    <attribute name="signature">
      <value>#INHERITED#newalt</value>
    </attribute>
    <attribute name="previousdb">
      <value>data/itemalts</value>
    </attribute>
  </data_model>
  <data_model type="com.retek.ride.measure.model.NativeMeasure">
    <attribute name="name">
      <value>#INHERITED#newflag</value>
    </attribute>
    <attribute name="db">
      <value>newflag</value>
    </attribute>
    <attribute name="viewtype">
      <value>#UNSPECIFIED#</value>
    </attribute>
    <attribute name="style">
      <value>#UNSPECIFIED#</value>
    </attribute>
    <attribute name="filename">
      <value>newflag</value>
    </attribute>
    <attribute name="loadint">
      <value>item</value>
    </attribute>
    <attribute name="start">
      <value>21</value>
    </attribute>
    <attribute name="width">
      <value>8</value>
    </attribute>
    <attribute name="creator">
      <value>user</value>
    </attribute>
    <attribute name="signature">
      <value>#INHERITED#newflag</value>
    </attribute>
    <attribute name="previousdb">
      <value>data/itemalts</value>
    </attribute>
  </data_model>
  <data_model type="com.retek.ride.measure.model.NativeMeasure">
    <attribute name="name">
      <value>#INHERITED#normprcbase</value>
    </attribute>
    <attribute name="creator">
      <value>user</value>
    </attribute>
    <attribute name="signature">
      <value>#INHERITED#normprcbase</value>
    </attribute>
  </data_model>
  <data_model type="com.retek.ride.measure.model.NativeMeasure">
    <attribute name="name">
      <value>#INHERITED#normprccann</value>
    </attribute>
    <attribute name="creator">
      <value>user</value>
    </attribute>
    <attribute name="signature">
      <value>#INHERITED#normprccann</value>
    </attribute>
  </data_model>
  <data_model type="com.retek.ride.measure.model.NativeMeasure">
    <attribute name="name">
      <value>#INHERITED#normprchalo</value>
    </attribute>
    <attribute name="creator">
      <value>user</value>
    </attribute>
    <attribute name="signature">
      <value>#INHERITED#normprchalo</value>
    </attribute>
  </data_model>
  <data_model type="com.retek.ride.measure.model.NativeMeasure">
    <attribute name="name">
      <value>outind</value>
    </attribute>
    <attribute name="materialized">
      <value>0</value>
    </attribute>
    <attribute name="signature">
      <value>#INHERITED#outind</value>
    </attribute>
  </data_model>
  <data_model type="com.retek.ride.measure.model.NativeMeasure">
    <attribute name="name">
      <value>#INHERITED#pdrbaseprice</value>
    </attribute>
    <attribute name="creator">
      <value>user</value>
    </attribute>
    <attribute name="signature">
      <value>#INHERITED#pdrbaseprice</value>
    </attribute>
  </data_model>
  <data_model type="com.retek.ride.measure.model.NativeMeasure">
    <attribute name="name">
      <value>#INHERITED#pdrblindupdate</value>
    </attribute>
    <attribute name="creator">
      <value>user</value>
    </attribute>
    <attribute name="signature">
      <value>#INHERITED#pdrblindupdate</value>
    </attribute>
  </data_model>
  <data_model type="com.retek.ride.measure.model.NativeMeasure">
    <attribute name="name">
      <value>#INHERITED#pdrcalbaseprice</value>
    </attribute>
    <attribute name="creator">
      <value>user</value>
    </attribute>
    <attribute name="signature">
      <value>#INHERITED#pdrcalbaseprice</value>
    </attribute>
  </data_model>
  <data_model type="com.retek.ride.measure.model.NativeMeasure">
    <attribute name="name">
      <value>#INHERITED#pdritemprice</value>
    </attribute>
    <attribute name="creator">
      <value>user</value>
    </attribute>
    <attribute name="signature">
      <value>#INHERITED#pdritemprice</value>
    </attribute>
  </data_model>
  <data_model type="com.retek.ride.measure.model.NativeMeasure">
    <attribute name="name">
      <value>#INHERITED#pdrpriceratio</value>
    </attribute>
    <attribute name="creator">
      <value>user</value>
    </attribute>
    <attribute name="signature">
      <value>#INHERITED#pdrpriceratio</value>
    </attribute>
  </data_model>
  <data_model type="com.retek.ride.measure.model.NativeMeasure">
    <attribute name="name">
      <value>#INHERITED#pdrtmpbaseclnd</value>
    </attribute>
    <attribute name="creator">
      <value>user</value>
    </attribute>
    <attribute name="signature">
      <value>#INHERITED#pdrtmpbaseclnd</value>
    </attribute>
  </data_model>
  <data_model type="com.retek.ride.measure.model.NativeMeasure">
    <attribute name="name">
      <value>#INHERITED#pdrtmpbasepr2</value>
    </attribute>
    <attribute name="creator">
      <value>user</value>
    </attribute>
    <attribute name="signature">
      <value>#INHERITED#pdrtmpbasepr2</value>
    </attribute>
  </data_model>
  <data_model type="com.retek.ride.measure.model.NativeMeasure">
    <attribute name="name">
      <value>#INHERITED#pdrtmpbaseprice</value>
    </attribute>
    <attribute name="creator">
      <value>user</value>
    </attribute>
    <attribute name="signature">
      <value>#INHERITED#pdrtmpbaseprice</value>
    </attribute>
  </data_model>
  <data_model type="com.retek.ride.measure.model.NativeMeasure">
    <attribute name="name">
      <value>#INHERITED#pdruseprevbase</value>
    </attribute>
    <attribute name="creator">
      <value>user</value>
    </attribute>
    <attribute name="signature">
      <value>#INHERITED#pdruseprevbase</value>
    </attribute>
  </data_model>
  <data_model type="com.retek.ride.measure.model.NativeMeasure">
    <attribute name="name">
      <value>#INHERITED#pdrwindowend</value>
    </attribute>
    <attribute name="creator">
      <value>user</value>
    </attribute>
    <attribute name="signature">
      <value>#INHERITED#pdrwindowend</value>
    </attribute>
  </data_model>
  <data_model type="com.retek.ride.measure.model.NativeMeasure">
    <attribute name="name">
      <value>#INHERITED#pdrwindowstart</value>
    </attribute>
    <attribute name="creator">
      <value>user</value>
    </attribute>
    <attribute name="signature">
      <value>#INHERITED#pdrwindowstart</value>
    </attribute>
  </data_model>
  <data_model type="com.retek.ride.measure.model.NativeMeasure">
    <attribute name="name">
      <value>pos</value>
    </attribute>
    <attribute name="materialized">
      <value>0</value>
    </attribute>
    <attribute name="signature">
      <value>#INHERITED#pos</value>
    </attribute>
  </data_model>
  <data_model type="com.retek.ride.measure.model.NativeMeasure">
    <attribute name="name">
      <value>#INHERITED#posnormprcbase</value>
    </attribute>
    <attribute name="creator">
      <value>user</value>
    </attribute>
    <attribute name="signature">
      <value>#INHERITED#pos normprcbase</value>
    </attribute>
  </data_model>
  <data_model type="com.retek.ride.measure.model.NativeMeasure">
    <attribute name="name">
      <value>#INHERITED#posnormprccann</value>
    </attribute>
    <attribute name="creator">
      <value>user</value>
    </attribute>
    <attribute name="signature">
      <value>#INHERITED#pos normprccann</value>
    </attribute>
  </data_model>
  <data_model type="com.retek.ride.measure.model.NativeMeasure">
    <attribute name="name">
      <value>#INHERITED#posnormprchalo</value>
    </attribute>
    <attribute name="creator">
      <value>user</value>
    </attribute>
    <attribute name="signature">
      <value>#INHERITED#pos normprchalo</value>
    </attribute>
  </data_model>
  <data_model type="com.retek.ride.measure.model.NativeMeasure">
    <attribute name="name">
      <value>#INHERITED#pospromoindcann</value>
    </attribute>
    <attribute name="creator">
      <value>user</value>
    </attribute>
    <attribute name="signature">
      <value>#INHERITED#pos promoindcann</value>
    </attribute>
  </data_model>
  <data_model type="com.retek.ride.measure.model.NativeMeasure">
    <attribute name="name">
      <value>#INHERITED#pospromoindhalo</value>
    </attribute>
    <attribute name="creator">
      <value>user</value>
    </attribute>
    <attribute name="signature">
      <value>#INHERITED#pos promoindhalo</value>
    </attribute>
  </data_model>
  <data_model type="com.retek.ride.measure.model.NativeMeasure">
    <attribute name="name">
      <value>#INHERITED#pospromoindnum</value>
    </attribute>
    <attribute name="creator">
      <value>user</value>
    </attribute>
    <attribute name="signature">
      <value>#INHERITED#pos promoindnum</value>
    </attribute>
  </data_model>
  <data_model type="com.retek.ride.measure.model.NativeMeasure">
    <attribute name="name">
      <value>#INHERITED#posslsbaseline</value>
    </attribute>
    <attribute name="creator">
      <value>user</value>
    </attribute>
    <attribute name="signature">
      <value>#INHERITED#pos slsbaseline</value>
    </attribute>
  </data_model>
  <data_model type="com.retek.ride.measure.model.NativeMeasure">
    <attribute name="name">
      <value>#INHERITED#posslsbaselinecann</value>
    </attribute>
    <attribute name="creator">
      <value>user</value>
    </attribute>
    <attribute name="signature">
      <value>#INHERITED#pos slsbaselinecann</value>
    </attribute>
  </data_model>
  <data_model type="com.retek.ride.measure.model.NativeMeasure">
    <attribute name="name">
      <value>#INHERITED#posslsbaselinehalo</value>
    </attribute>
    <attribute name="creator">
      <value>user</value>
    </attribute>
    <attribute name="signature">
      <value>#INHERITED#pos slsbaselinehalo</value>
    </attribute>
  </data_model>
  <data_model type="com.retek.ride.measure.model.NativeMeasure">
    <attribute name="name">
      <value>#INHERITED#posslscann</value>
    </attribute>
    <attribute name="creator">
      <value>user</value>
    </attribute>
    <attribute name="signature">
      <value>#INHERITED#pos slscann</value>
    </attribute>
  </data_model>
  <data_model type="com.retek.ride.measure.model.NativeMeasure">
    <attribute name="name">
      <value>#INHERITED#posslshalo</value>
    </attribute>
    <attribute name="creator">
      <value>user</value>
    </attribute>
    <attribute name="signature">
      <value>#INHERITED#pos slshalo</value>
    </attribute>
  </data_model>
  <data_model type="com.retek.ride.measure.model.NativeMeasure">
    <attribute name="name">
      <value>#INHERITED#ppofordaily</value>
    </attribute>
    <attribute name="creator">
      <value>user</value>
    </attribute>
    <attribute name="signature">
      <value>#INHERITED#ppofordaily</value>
    </attribute>
  </data_model>
  <data_model type="com.retek.ride.measure.model.NativeMeasure">
    <attribute name="name">
      <value>#INHERITED#ppoforday</value>
    </attribute>
    <attribute name="creator">
      <value>user</value>
    </attribute>
    <attribute name="signature">
      <value>#INHERITED#ppoforday</value>
    </attribute>
  </data_model>
  <data_model type="com.retek.ride.measure.model.NativeMeasure">
    <attribute name="name">
      <value>#INHERITED#ppoforweek</value>
    </attribute>
    <attribute name="creator">
      <value>user</value>
    </attribute>
    <attribute name="signature">
      <value>#INHERITED#ppoforweek</value>
    </attribute>
  </data_model>
  <data_model type="com.retek.ride.measure.model.NativeMeasure">
    <attribute name="name">
      <value>#INHERITED#ppoprom</value>
    </attribute>
    <attribute name="creator">
      <value>user</value>
    </attribute>
    <attribute name="signature">
      <value>#INHERITED#ppoprom</value>
    </attribute>
  </data_model>
  <data_model type="com.retek.ride.measure.model.NativeMeasure">
    <attribute name="name">
      <value>#INHERITED#pposale</value>
    </attribute>
    <attribute name="creator">
      <value>user</value>
    </attribute>
    <attribute name="signature">
      <value>#INHERITED#pposale</value>
    </attribute>
  </data_model>
  <data_model type="com.retek.ride.measure.model.NativeMeasure">
    <attribute name="name">
      <value>#INHERITED#pposaleadj</value>
    </attribute>
    <attribute name="creator">
      <value>user</value>
    </attribute>
    <attribute name="signature">
      <value>#INHERITED#pposaleadj</value>
    </attribute>
  </data_model>
  <data_model type="com.retek.ride.measure.model.NativeMeasure">
    <attribute name="name">
      <value>#INHERITED#pposaleorg</value>
    </attribute>
    <attribute name="creator">
      <value>user</value>
    </attribute>
    <attribute name="signature">
      <value>#INHERITED#pposaleorg</value>
    </attribute>
  </data_model>
  <data_model type="com.retek.ride.measure.model.NativeMeasure">
    <attribute name="name">
      <value>#INHERITED#promoindcann</value>
    </attribute>
    <attribute name="creator">
      <value>user</value>
    </attribute>
    <attribute name="signature">
      <value>#INHERITED#promoindcann</value>
    </attribute>
  </data_model>
  <data_model type="com.retek.ride.measure.model.NativeMeasure">
    <attribute name="name">
      <value>#INHERITED#promoindhalo</value>
    </attribute>
    <attribute name="creator">
      <value>user</value>
    </attribute>
    <attribute name="signature">
      <value>#INHERITED#promoindhalo</value>
    </attribute>
  </data_model>
  <data_model type="com.retek.ride.measure.model.NativeMeasure">
    <attribute name="name">
      <value>#INHERITED#promoindnum</value>
    </attribute>
    <attribute name="creator">
      <value>user</value>
    </attribute>
    <attribute name="signature">
      <value>#INHERITED#promoindnum</value>
    </attribute>
  </data_model>
  <data_model type="com.retek.ride.measure.model.NativeMeasure">
    <attribute name="name">
      <value>psal</value>
    </attribute>
    <attribute name="filename">
      <value>psal</value>
    </attribute>
    <attribute name="loadint">
      <value>day_item_str</value>
    </attribute>
    <attribute name="start">
      <value>49</value>
    </attribute>
    <attribute name="width">
      <value>8</value>
    </attribute>
    <attribute name="materialized">
      <value>0</value>
    </attribute>
    <attribute name="signature">
      <value>#INHERITED#psal</value>
    </attribute>
  </data_model>
  <data_model type="com.retek.ride.measure.model.NativeMeasure">
    <attribute name="name">
      <value>#INHERITED#rdfanchprc</value>
    </attribute>
    <attribute name="creator">
      <value>user</value>
    </attribute>
    <attribute name="signature">
      <value>#INHERITED#rdfanchprc</value>
    </attribute>
  </data_model>
  <data_model type="com.retek.ride.measure.model.NativeMeasure">
    <attribute name="name">
      <value>#INHERITED#rdfgamma</value>
    </attribute>
    <attribute name="creator">
      <value>user</value>
    </attribute>
    <attribute name="signature">
      <value>#INHERITED#rdfgamma</value>
    </attribute>
  </data_model>
  <data_model type="com.retek.ride.measure.model.NativeMeasure">
    <attribute name="name">
      <value>#INHERITED#rdfmaxprc</value>
    </attribute>
    <attribute name="creator">
      <value>user</value>
    </attribute>
    <attribute name="signature">
      <value>#INHERITED#rdfmaxprc</value>
    </attribute>
  </data_model>
  <data_model type="com.retek.ride.measure.model.NativeMeasure">
    <attribute name="name">
      <value>#INHERITED#rdfprice</value>
    </attribute>
    <attribute name="creator">
      <value>user</value>
    </attribute>
    <attribute name="signature">
      <value>#INHERITED#rdfprice</value>
    </attribute>
  </data_model>
  <data_model type="com.retek.ride.measure.model.NativeMeasure">
    <attribute name="name">
      <value>#INHERITED#rdfpromoind</value>
    </attribute>
    <attribute name="creator">
      <value>user</value>
    </attribute>
    <attribute name="signature">
      <value>#INHERITED#rdfpromoind</value>
    </attribute>
  </data_model>
  <data_model type="com.retek.ride.measure.model.NativeMeasure">
    <attribute name="name">
      <value>rsal</value>
    </attribute>
    <attribute name="filename">
      <value>rsal</value>
    </attribute>
    <attribute name="loadint">
      <value>day_item_str</value>
    </attribute>
    <attribute name="start">
      <value>49</value>
    </attribute>
    <attribute name="width">
      <value>8</value>
    </attribute>
    <attribute name="materialized">
      <value>0</value>
    </attribute>
    <attribute name="signature">
      <value>#INHERITED#rsal</value>
    </attribute>
  </data_model>
  <data_model type="com.retek.ride.measure.model.NativeMeasure">
    <attribute name="name">
      <value>#INHERITED#salesprice</value>
    </attribute>
    <attribute name="creator">
      <value>user</value>
    </attribute>
    <attribute name="signature">
      <value>#INHERITED#salesprice</value>
    </attribute>
  </data_model>
  <data_model type="com.retek.ride.measure.model.NativeMeasure">
    <attribute name="name">
      <value>#INHERITED#slcaggover</value>
    </attribute>
    <attribute name="creator">
      <value>user</value>
    </attribute>
    <attribute name="signature">
      <value>#INHERITED#slcaggover</value>
    </attribute>
  </data_model>
  <data_model type="com.retek.ride.measure.model.NativeMeasure">
    <attribute name="name">
      <value>#INHERITED#slcaggros</value>
    </attribute>
    <attribute name="creator">
      <value>user</value>
    </attribute>
    <attribute name="signature">
      <value>#INHERITED#slcaggros</value>
    </attribute>
  </data_model>
  <data_model type="com.retek.ride.measure.model.NativeMeasure">
    <attribute name="name">
      <value>#INHERITED#slcblorg</value>
    </attribute>
    <attribute name="creator">
      <value>user</value>
    </attribute>
    <attribute name="signature">
      <value>#INHERITED#slcblorg</value>
    </attribute>
  </data_model>
  <data_model type="com.retek.ride.measure.model.NativeMeasure">
    <attribute name="name">
      <value>#INHERITED#slccausadj</value>
    </attribute>
    <attribute name="creator">
      <value>user</value>
    </attribute>
    <attribute name="signature">
      <value>#INHERITED#slccausadj</value>
    </attribute>
  </data_model>
  <data_model type="com.retek.ride.measure.model.NativeMeasure">
    <attribute name="name">
      <value>#INHERITED#slccausover</value>
    </attribute>
    <attribute name="creator">
      <value>user</value>
    </attribute>
    <attribute name="signature">
      <value>#INHERITED#slccausover</value>
    </attribute>
  </data_model>
  <data_model type="com.retek.ride.measure.model.NativeMeasure">
    <attribute name="name">
      <value>#INHERITED#slccaussrc</value>
    </attribute>
    <attribute name="creator">
      <value>user</value>
    </attribute>
    <attribute name="signature">
      <value>#INHERITED#slccaussrc</value>
    </attribute>
  </data_model>
  <data_model type="com.retek.ride.measure.model.NativeMeasure">
    <attribute name="name">
      <value>#INHERITED#slcdpmtadj</value>
    </attribute>
    <attribute name="creator">
      <value>user</value>
    </attribute>
    <attribute name="signature">
      <value>#INHERITED#slcdpmtadj</value>
    </attribute>
  </data_model>
  <data_model type="com.retek.ride.measure.model.NativeMeasure">
    <attribute name="name">
      <value>#INHERITED#slcdpmtover</value>
    </attribute>
    <attribute name="creator">
      <value>user</value>
    </attribute>
    <attribute name="signature">
      <value>#INHERITED#slcdpmtover</value>
    </attribute>
  </data_model>
  <data_model type="com.retek.ride.measure.model.NativeMeasure">
    <attribute name="name">
      <value>#INHERITED#slcdprcadj</value>
    </attribute>
    <attribute name="creator">
      <value>user</value>
    </attribute>
    <attribute name="signature">
      <value>#INHERITED#slcdprcadj</value>
    </attribute>
  </data_model>
  <data_model type="com.retek.ride.measure.model.NativeMeasure">
    <attribute name="name">
      <value>#INHERITED#slcdprcover</value>
    </attribute>
    <attribute name="creator">
      <value>user</value>
    </attribute>
    <attribute name="signature">
      <value>#INHERITED#slcdprcover</value>
    </attribute>
  </data_model>
  <data_model type="com.retek.ride.measure.model.NativeMeasure">
    <attribute name="name">
      <value>#INHERITED#slcendindx</value>
    </attribute>
    <attribute name="creator">
      <value>user</value>
    </attribute>
    <attribute name="signature">
      <value>#INHERITED#slcendindx</value>
    </attribute>
  </data_model>
  <data_model type="com.retek.ride.measure.model.NativeMeasure">
    <attribute name="name">
      <value>#INHERITED#slcitemind</value>
    </attribute>
    <attribute name="creator">
      <value>user</value>
    </attribute>
    <attribute name="signature">
      <value>#INHERITED#slcitemind</value>
    </attribute>
  </data_model>
  <data_model type="com.retek.ride.measure.model.NativeMeasure">
    <attribute name="name">
      <value>#INHERITED#slclcclen</value>
    </attribute>
    <attribute name="creator">
      <value>user</value>
    </attribute>
    <attribute name="signature">
      <value>#INHERITED#slclcclen</value>
    </attribute>
  </data_model>
  <data_model type="com.retek.ride.measure.model.NativeMeasure">
    <attribute name="name">
      <value>#INHERITED#slclccorg</value>
    </attribute>
    <attribute name="creator">
      <value>user</value>
    </attribute>
    <attribute name="signature">
      <value>#INHERITED#slclccorg</value>
    </attribute>
  </data_model>
  <data_model type="com.retek.ride.measure.model.NativeMeasure">
    <attribute name="name">
      <value>#INHERITED#slclccorglen</value>
    </attribute>
    <attribute name="creator">
      <value>user</value>
    </attribute>
    <attribute name="signature">
      <value>#INHERITED#slclccorglen</value>
    </attribute>
  </data_model>
  <data_model type="com.retek.ride.measure.model.NativeMeasure">
    <attribute name="name">
      <value>#INHERITED#slcmask</value>
    </attribute>
    <attribute name="creator">
      <value>user</value>
    </attribute>
    <attribute name="signature">
      <value>#INHERITED#slcmask</value>
    </attribute>
  </data_model>
  <data_model type="com.retek.ride.measure.model.NativeMeasure">
    <attribute name="name">
      <value>#INHERITED#slcpos</value>
    </attribute>
    <attribute name="creator">
      <value>user</value>
    </attribute>
    <attribute name="signature">
      <value>#INHERITED#slcpos</value>
    </attribute>
  </data_model>
  <data_model type="com.retek.ride.measure.model.NativeMeasure">
    <attribute name="name">
      <value>#INHERITED#slcposindex</value>
    </attribute>
    <attribute name="creator">
      <value>user</value>
    </attribute>
    <attribute name="signature">
      <value>#INHERITED#slcposindex</value>
    </attribute>
  </data_model>
  <data_model type="com.retek.ride.measure.model.NativeMeasure">
    <attribute name="name">
      <value>#INHERITED#slcpreseasbl</value>
    </attribute>
    <attribute name="creator">
      <value>user</value>
    </attribute>
    <attribute name="signature">
      <value>#INHERITED#slcpreseasbl</value>
    </attribute>
  </data_model>
  <data_model type="com.retek.ride.measure.model.NativeMeasure">
    <attribute name="name">
      <value>#INHERITED#slcpreseaspl</value>
    </attribute>
    <attribute name="creator">
      <value>user</value>
    </attribute>
    <attribute name="signature">
      <value>#INHERITED#slcpreseaspl</value>
    </attribute>
  </data_model>
  <data_model type="com.retek.ride.measure.model.NativeMeasure">
    <attribute name="name">
      <value>#INHERITED#slcrossprdratio</value>
    </attribute>
    <attribute name="creator">
      <value>user</value>
    </attribute>
    <attribute name="signature">
      <value>#INHERITED#slcrossprdratio</value>
    </attribute>
  </data_model>
  <data_model type="com.retek.ride.measure.model.NativeMeasure">
    <attribute name="name">
      <value>#INHERITED#slcseasend</value>
    </attribute>
    <attribute name="creator">
      <value>user</value>
    </attribute>
    <attribute name="signature">
      <value>#INHERITED#slcseasend</value>
    </attribute>
  </data_model>
  <data_model type="com.retek.ride.measure.model.NativeMeasure">
    <attribute name="name">
      <value>#INHERITED#slcseasoffset</value>
    </attribute>
    <attribute name="creator">
      <value>user</value>
    </attribute>
    <attribute name="signature">
      <value>#INHERITED#slcseasoffset</value>
    </attribute>
  </data_model>
  <data_model type="com.retek.ride.measure.model.NativeMeasure">
    <attribute name="name">
      <value>#INHERITED#slcseasstart</value>
    </attribute>
    <attribute name="creator">
      <value>user</value>
    </attribute>
    <attribute name="signature">
      <value>#INHERITED#slcseasstart</value>
    </attribute>
  </data_model>
  <data_model type="com.retek.ride.measure.model.NativeMeasure">
    <attribute name="name">
      <value>#INHERITED#slcshftoffset</value>
    </attribute>
    <attribute name="creator">
      <value>user</value>
    </attribute>
    <attribute name="signature">
      <value>#INHERITED#slcshftoffset</value>
    </attribute>
  </data_model>
  <data_model type="com.retek.ride.measure.model.NativeMeasure">
    <attribute name="name">
      <value>#INHERITED#slcshftover</value>
    </attribute>
    <attribute name="creator">
      <value>user</value>
    </attribute>
    <attribute name="signature">
      <value>#INHERITED#slcshftover</value>
    </attribute>
  </data_model>
  <data_model type="com.retek.ride.measure.model.NativeMeasure">
    <attribute name="name">
      <value>#INHERITED#slcslsenddate</value>
    </attribute>
    <attribute name="creator">
      <value>user</value>
    </attribute>
    <attribute name="signature">
      <value>#INHERITED#slcslsenddate</value>
    </attribute>
  </data_model>
  <data_model type="com.retek.ride.measure.model.NativeMeasure">
    <attribute name="name">
      <value>#INHERITED#slcslsendindx</value>
    </attribute>
    <attribute name="creator">
      <value>user</value>
    </attribute>
    <attribute name="signature">
      <value>#INHERITED#slcslsendindx</value>
    </attribute>
  </data_model>
  <data_model type="com.retek.ride.measure.model.NativeMeasure">
    <attribute name="name">
      <value>#INHERITED#slcslsstdate</value>
    </attribute>
    <attribute name="creator">
      <value>user</value>
    </attribute>
    <attribute name="signature">
      <value>#INHERITED#slcslsstdate</value>
    </attribute>
  </data_model>
  <data_model type="com.retek.ride.measure.model.NativeMeasure">
    <attribute name="name">
      <value>#INHERITED#slcslsstindx</value>
    </attribute>
    <attribute name="creator">
      <value>user</value>
    </attribute>
    <attribute name="signature">
      <value>#INHERITED#slcslsstindx</value>
    </attribute>
  </data_model>
  <data_model type="com.retek.ride.measure.model.NativeMeasure">
    <attribute name="name">
      <value>#INHERITED#slcsmthadj</value>
    </attribute>
    <attribute name="creator">
      <value>user</value>
    </attribute>
    <attribute name="signature">
      <value>#INHERITED#slcsmthadj</value>
    </attribute>
  </data_model>
  <data_model type="com.retek.ride.measure.model.NativeMeasure">
    <attribute name="name">
      <value>#INHERITED#slcsmthover</value>
    </attribute>
    <attribute name="creator">
      <value>user</value>
    </attribute>
    <attribute name="signature">
      <value>#INHERITED#slcsmthover</value>
    </attribute>
  </data_model>
  <data_model type="com.retek.ride.measure.model.NativeMeasure">
    <attribute name="name">
      <value>#INHERITED#slcstindx</value>
    </attribute>
    <attribute name="creator">
      <value>user</value>
    </attribute>
    <attribute name="signature">
      <value>#INHERITED#slcstindx</value>
    </attribute>
  </data_model>
  <data_model type="com.retek.ride.measure.model.NativeMeasure">
    <attribute name="name">
      <value>#INHERITED#slsbaseline</value>
    </attribute>
    <attribute name="creator">
      <value>user</value>
    </attribute>
    <attribute name="signature">
      <value>#INHERITED#slsbaseline</value>
    </attribute>
  </data_model>
  <data_model type="com.retek.ride.measure.model.NativeMeasure">
    <attribute name="name">
      <value>#INHERITED#slsbaselinecann</value>
    </attribute>
    <attribute name="creator">
      <value>user</value>
    </attribute>
    <attribute name="signature">
      <value>#INHERITED#slsbaselinecann</value>
    </attribute>
  </data_model>
  <data_model type="com.retek.ride.measure.model.NativeMeasure">
    <attribute name="name">
      <value>#INHERITED#slsbaselinehalo</value>
    </attribute>
    <attribute name="creator">
      <value>user</value>
    </attribute>
    <attribute name="signature">
      <value>#INHERITED#slsbaselinehalo</value>
    </attribute>
  </data_model>
  <data_model type="com.retek.ride.measure.model.NativeMeasure">
    <attribute name="name">
      <value>#INHERITED#slscann</value>
    </attribute>
    <attribute name="creator">
      <value>user</value>
    </attribute>
    <attribute name="signature">
      <value>#INHERITED#slscann</value>
    </attribute>
  </data_model>
  <data_model type="com.retek.ride.measure.model.NativeMeasure">
    <attribute name="name">
      <value>#INHERITED#slshalo</value>
    </attribute>
    <attribute name="creator">
      <value>user</value>
    </attribute>
    <attribute name="signature">
      <value>#INHERITED#slshalo</value>
    </attribute>
  </data_model>
  <data_model type="com.retek.ride.measure.model.NativeMeasure">
    <attribute name="name">
      <value>#INHERITED#tmpsalesprice</value>
    </attribute>
    <attribute name="creator">
      <value>user</value>
    </attribute>
    <attribute name="signature">
      <value>#INHERITED#tmpsalesprice</value>
    </attribute>
  </data_model>
  <data_model type="com.retek.ride.measure.model.NativeMeasure">
    <attribute name="name">
      <value>totadjsls</value>
    </attribute>
    <attribute name="materialized">
      <value>0</value>
    </attribute>
    <attribute name="signature">
      <value>#INHERITED#totadjsls</value>
    </attribute>
  </data_model>
  <data_model type="com.retek.ride.measure.model.NativeMeasure">
    <attribute name="name">
      <value>totadjslslly</value>
    </attribute>
    <attribute name="materialized">
      <value>0</value>
    </attribute>
    <attribute name="signature">
      <value>#INHERITED#totadjslslly</value>
    </attribute>
  </data_model>
  <data_model type="com.retek.ride.measure.model.NativeMeasure">
    <attribute name="name">
      <value>totadjslsly</value>
    </attribute>
    <attribute name="materialized">
      <value>0</value>
    </attribute>
    <attribute name="signature">
      <value>#INHERITED#totadjslsly</value>
    </attribute>
  </data_model>
  <data_model type="com.retek.ride.measure.model.NativeMeasure">
    <attribute name="name">
      <value>totslslly</value>
    </attribute>
    <attribute name="materialized">
      <value>0</value>
    </attribute>
    <attribute name="signature">
      <value>#INHERITED#totslslly</value>
    </attribute>
  </data_model>
  <data_model type="com.retek.ride.measure.model.NativeMeasure">
    <attribute name="name">
      <value>totslsly</value>
    </attribute>
    <attribute name="materialized">
      <value>0</value>
    </attribute>
    <attribute name="signature">
      <value>#INHERITED#totslsly</value>
    </attribute>
  </data_model>
  <data_model type="com.retek.ride.measure.model.NativeMeasure">
    <attribute name="name">
      <value>usradj</value>
    </attribute>
    <attribute name="materialized">
      <value>0</value>
    </attribute>
    <attribute name="signature">
      <value>#INHERITED#usradj</value>
    </attribute>
  </data_model>
  <data_model type="com.retek.ride.measure.model.NativeMeasure">
    <attribute name="name">
      <value>#INHERITED#weekpos</value>
    </attribute>
    <attribute name="creator">
      <value>user</value>
    </attribute>
    <attribute name="signature">
      <value>#INHERITED#weekpos</value>
    </attribute>
  </data_model>
</data_set>
