<?xml version="1.0" encoding="UTF-8"?>
<data_set type="com.retek.ride.rule.newmodel.RuleGroup">
  <attribute name="name">
    <value>PREF_rfsh01nyd</value>
  </attribute>
  <attribute name="description">
    <value></value>
  </attribute>
  <attribute name="creator">
    <value>Promote</value>
  </attribute>
  <attribute name="role">
    <value>user</value>
  </attribute>
  <data_model type="com.retek.ride.rule.newmodel.Rule">
    <attribute name="name">
      <value>PREF_rfsh01nyd01</value>
    </attribute>
    <attribute name="description">
      <value>a rule</value>
    </attribute>
    <attribute name="creator">
      <value>Promote</value>
    </attribute>
    <data_model type="java.lang.String">
      <attribute name="name">
        <value>E0</value>
      </attribute>
      <attribute name="formula">
        <value>peff01nyd=peff01nyd.master</value>
      </attribute>
    </data_model>
  </data_model>
  <data_model type="com.retek.ride.rule.newmodel.Rule">
    <attribute name="name">
      <value>PREF_rfsh01nyd02</value>
    </attribute>
    <attribute name="description">
      <value>a rule</value>
    </attribute>
    <attribute name="creator">
      <value>Promote</value>
    </attribute>
    <data_model type="java.lang.String">
      <attribute name="name">
        <value>E0</value>
      </attribute>
      <attribute name="formula">
        <value>povr01nyd=povr01nyd.master</value>
      </attribute>
    </data_model>
  </data_model>
  <data_model type="com.retek.ride.rule.newmodel.Rule">
    <attribute name="name">
      <value>PREF_rfsh01nyd03</value>
    </attribute>
    <attribute name="description">
      <value>a rule</value>
    </attribute>
    <attribute name="creator">
      <value>Promote</value>
    </attribute>
    <data_model type="java.lang.String">
      <attribute name="name">
        <value>E0</value>
      </attribute>
      <attribute name="formula">
        <value>ptyp01nyd=ptyp01nyd.master</value>
      </attribute>
    </data_model>
  </data_model>
</data_set>
