<?xml version="1.0" encoding="UTF-8"?>
<data_set type="com.retek.ride.rule.newmodel.RuleGroup">
  <attribute name="name">
    <value>PREF_load06c</value>
  </attribute>
  <attribute name="description">
    <value></value>
  </attribute>
  <attribute name="creator">
    <value>Promote</value>
  </attribute>
  <attribute name="role">
    <value>user</value>
  </attribute>
  <data_model type="com.retek.ride.rule.newmodel.Rule">
    <attribute name="name">
      <value>PREF_load06c01</value>
    </attribute>
    <attribute name="description">
      <value>a rule</value>
    </attribute>
    <attribute name="creator">
      <value>Promote</value>
    </attribute>
    <data_model type="java.lang.String">
      <attribute name="name">
        <value>E0</value>
      </attribute>
      <attribute name="formula">
        <value>appk06xb=appk06xb.master</value>
      </attribute>
    </data_model>
  </data_model>
  <data_model type="com.retek.ride.rule.newmodel.Rule">
    <attribute name="name">
      <value>PREF_load06c02</value>
    </attribute>
    <attribute name="description">
      <value>a rule</value>
    </attribute>
    <attribute name="creator">
      <value>Promote</value>
    </attribute>
    <data_model type="java.lang.String">
      <attribute name="name">
        <value>E0</value>
      </attribute>
      <attribute name="formula">
        <value>appf06xb=appf06xb.master</value>
      </attribute>
    </data_model>
  </data_model>
  <data_model type="com.retek.ride.rule.newmodel.Rule">
    <attribute name="name">
      <value>PREF_load06c03</value>
    </attribute>
    <attribute name="description">
      <value>a rule</value>
    </attribute>
    <attribute name="creator">
      <value>Promote</value>
    </attribute>
    <data_model type="java.lang.String">
      <attribute name="name">
        <value>E0</value>
      </attribute>
      <attribute name="formula">
        <value>pfb06xp=appf06xb.master-appk06xb.master</value>
      </attribute>
    </data_model>
  </data_model>
  <data_model type="com.retek.ride.rule.newmodel.Rule">
    <attribute name="name">
      <value>PREF_load06c04</value>
    </attribute>
    <attribute name="description">
      <value>a rule</value>
    </attribute>
    <attribute name="creator">
      <value>Promote</value>
    </attribute>
    <data_model type="java.lang.String">
      <attribute name="name">
        <value>E0</value>
      </attribute>
      <attribute name="formula">
        <value>startindex=index([CLND].[day],now)</value>
      </attribute>
    </data_model>
  </data_model>
  <data_model type="com.retek.ride.rule.newmodel.Rule">
    <attribute name="name">
      <value>PREF_load06c06</value>
    </attribute>
    <attribute name="description">
      <value>a rule</value>
    </attribute>
    <attribute name="creator">
      <value>Promote</value>
    </attribute>
    <data_model type="java.lang.String">
      <attribute name="name">
        <value>E0</value>
      </attribute>
      <attribute name="formula">
        <value>endidx06xp=1</value>
      </attribute>
    </data_model>
  </data_model>
  <data_model type="com.retek.ride.rule.newmodel.Rule">
    <attribute name="name">
      <value>PREF_load06c07</value>
    </attribute>
    <attribute name="description">
      <value>a rule</value>
    </attribute>
    <attribute name="creator">
      <value>Promote</value>
    </attribute>
    <data_model type="java.lang.String">
      <attribute name="name">
        <value>E0</value>
      </attribute>
      <attribute name="formula">
        <value>endindex=endidx06xp.total-1</value>
      </attribute>
    </data_model>
  </data_model>
  <data_model type="com.retek.ride.rule.newmodel.Rule">
    <attribute name="name">
      <value>PREF_load06c08</value>
    </attribute>
    <attribute name="description">
      <value>a rule</value>
    </attribute>
    <attribute name="creator">
      <value>Promote</value>
    </attribute>
    <data_model type="java.lang.String">
      <attribute name="name">
        <value>E0</value>
      </attribute>
      <attribute name="formula">
        <value>aprmliftovr06xb=aprmliftovr06xb.master</value>
      </attribute>
    </data_model>
  </data_model>
  <data_model type="com.retek.ride.rule.newmodel.Rule">
    <attribute name="name">
      <value>PREF_load06c09</value>
    </attribute>
    <attribute name="description">
      <value>a rule</value>
    </attribute>
    <attribute name="creator">
      <value>Promote</value>
    </attribute>
    <data_model type="java.lang.String">
      <attribute name="name">
        <value>E0</value>
      </attribute>
      <attribute name="formula">
        <value>apprmovr06xb=apprmovr06xb.master</value>
      </attribute>
    </data_model>
  </data_model>
  <data_model type="com.retek.ride.rule.newmodel.Rule">
    <attribute name="name">
      <value>PREF_load06c10</value>
    </attribute>
    <attribute name="description">
      <value>a rule</value>
    </attribute>
    <attribute name="creator">
      <value>Promote</value>
    </attribute>
    <data_model type="java.lang.String">
      <attribute name="name">
        <value>E0</value>
      </attribute>
      <attribute name="formula">
        <value>fmareqmth06xb=fmareqmth06xb.master</value>
      </attribute>
    </data_model>
  </data_model>
  <data_model type="com.retek.ride.rule.newmodel.Rule">
    <attribute name="name">
      <value>PREF_load06c21</value>
    </attribute>
    <attribute name="description">
      <value>a rule</value>
    </attribute>
    <attribute name="creator">
      <value>Promote</value>
    </attribute>
    <data_model type="java.lang.String">
      <attribute name="name">
        <value>E0</value>
      </attribute>
      <attribute name="formula">
        <value>apphaloeff=apphaloeff.master</value>
      </attribute>
    </data_model>
  </data_model>
  <data_model type="com.retek.ride.rule.newmodel.Rule">
    <attribute name="name">
      <value>PREF_load06c22</value>
    </attribute>
    <attribute name="description">
      <value>a rule</value>
    </attribute>
    <attribute name="creator">
      <value>Promote</value>
    </attribute>
    <data_model type="java.lang.String">
      <attribute name="name">
        <value>E0</value>
      </attribute>
      <attribute name="formula">
        <value>appcanneff=appcanneff.master</value>
      </attribute>
    </data_model>
  </data_model>
  <data_model type="com.retek.ride.rule.newmodel.Rule">
    <attribute name="name">
      <value>PREF_load06c24</value>
    </attribute>
    <attribute name="description">
      <value>a rule</value>
    </attribute>
    <attribute name="creator">
      <value>Promote</value>
    </attribute>
    <data_model type="java.lang.String">
      <attribute name="name">
        <value>E0</value>
      </attribute>
      <attribute name="formula">
        <value>apprmhaloov06xb=apprmhaloov06xb.master</value>
      </attribute>
    </data_model>
  </data_model>
  <data_model type="com.retek.ride.rule.newmodel.Rule">
    <attribute name="name">
      <value>PREF_load06c25</value>
    </attribute>
    <attribute name="description">
      <value>a rule</value>
    </attribute>
    <attribute name="creator">
      <value>Promote</value>
    </attribute>
    <data_model type="java.lang.String">
      <attribute name="name">
        <value>E0</value>
      </attribute>
      <attribute name="formula">
        <value>apprmcanov06xb=apprmcanov06xb.master</value>
      </attribute>
    </data_model>
  </data_model>
  <data_model type="com.retek.ride.rule.newmodel.Rule">
    <attribute name="name">
      <value>PREF_load06c26</value>
    </attribute>
    <attribute name="description">
      <value>a rule</value>
    </attribute>
    <attribute name="creator">
      <value>Promote</value>
    </attribute>
    <data_model type="java.lang.String">
      <attribute name="name">
        <value>E0</value>
      </attribute>
      <attribute name="formula">
        <value>pmhalolift06xb=pmhalolift06xb.master</value>
      </attribute>
    </data_model>
  </data_model>
  <data_model type="com.retek.ride.rule.newmodel.Rule">
    <attribute name="name">
      <value>PREF_load06c27</value>
    </attribute>
    <attribute name="description">
      <value>a rule</value>
    </attribute>
    <attribute name="creator">
      <value>Promote</value>
    </attribute>
    <data_model type="java.lang.String">
      <attribute name="name">
        <value>E0</value>
      </attribute>
      <attribute name="formula">
        <value>pmcanlift06xb=pmcanlift06xb.master</value>
      </attribute>
    </data_model>
  </data_model>
  <data_model type="com.retek.ride.rule.newmodel.Rule">
    <attribute name="name">
      <value>PREF_load06c28</value>
    </attribute>
    <attribute name="description">
      <value>a rule</value>
    </attribute>
    <attribute name="creator">
      <value>Promote</value>
    </attribute>
    <data_model type="java.lang.String">
      <attribute name="name">
        <value>E0</value>
      </attribute>
      <attribute name="formula">
        <value>slffrcsthalo06xb=slffrcsthalo06xb.master</value>
      </attribute>
    </data_model>
  </data_model>
  <data_model type="com.retek.ride.rule.newmodel.Rule">
    <attribute name="name">
      <value>PREF_load06c29</value>
    </attribute>
    <attribute name="description">
      <value>a rule</value>
    </attribute>
    <attribute name="creator">
      <value>Promote</value>
    </attribute>
    <data_model type="java.lang.String">
      <attribute name="name">
        <value>E0</value>
      </attribute>
      <attribute name="formula">
        <value>slffrcstcan06xb=slffrcstcan06xb.master</value>
      </attribute>
    </data_model>
  </data_model>
  <data_model type="com.retek.ride.rule.newmodel.Rule">
    <attribute name="name">
      <value>PREF_load06c30</value>
    </attribute>
    <attribute name="description">
      <value>a rule</value>
    </attribute>
    <attribute name="creator">
      <value>Promote</value>
    </attribute>
    <data_model type="java.lang.String">
      <attribute name="name">
        <value>E0</value>
      </attribute>
      <attribute name="formula">
        <value>baselinehalo06xb=baselinehalo06xb.master</value>
      </attribute>
    </data_model>
  </data_model>
  <data_model type="com.retek.ride.rule.newmodel.Rule">
    <attribute name="name">
      <value>PREF_load06c31</value>
    </attribute>
    <attribute name="description">
      <value>a rule</value>
    </attribute>
    <attribute name="creator">
      <value>Promote</value>
    </attribute>
    <data_model type="java.lang.String">
      <attribute name="name">
        <value>E0</value>
      </attribute>
      <attribute name="formula">
        <value>baselinecan06xb=baselinecan06xb.master</value>
      </attribute>
    </data_model>
  </data_model>
  <data_model type="com.retek.ride.rule.newmodel.Rule">
    <attribute name="name">
      <value>PREF_load06c32</value>
    </attribute>
    <attribute name="description">
      <value>a rule</value>
    </attribute>
    <attribute name="creator">
      <value>Promote</value>
    </attribute>
    <data_model type="java.lang.String">
      <attribute name="name">
        <value>E0</value>
      </attribute>
      <attribute name="formula">
        <value>cslmthused06xb=cslmthused06xb.master</value>
      </attribute>
    </data_model>
  </data_model>
  <data_model type="com.retek.ride.rule.newmodel.Rule">
    <attribute name="name">
      <value>PREF_load06c33</value>
    </attribute>
    <attribute name="description">
      <value>a rule</value>
    </attribute>
    <attribute name="creator">
      <value>Promote</value>
    </attribute>
    <data_model type="java.lang.String">
      <attribute name="name">
        <value>E0</value>
      </attribute>
      <attribute name="formula">
        <value>FORECAST:slfliftfrcst06xb&lt;-PromoSelfEffExpr(BASELINE:pfb06xp,MODELTYPE:cslmthused06xb,PROMOMODELTYPE:promomodeltype,PROMOENABLE:true,FCST_START_INDEX:startindex,FCST_END_INDEX:endindex,PROMOCAL0:pagbXLxmas,PROMOTYPE0:ptyp06xmas,PROMOEFF0:peff06xmas,PROMOEFFOVR0:povr06xmas,PROMOCAL1:pagbXLxmss,PROMOTYPE1:ptyp06xmss,PROMOEFF1:peff06xmss,PROMOEFFOVR1:povr06xmss,PROMOCAL2:pagbXLnyd,PROMOTYPE2:ptyp06nyd,PROMOEFF2:peff06nyd,PROMOEFFOVR2:povr06nyd,PROMOCAL3:pagbXLeas,PROMOTYPE3:ptyp06eas,PROMOEFF3:peff06eas,PROMOEFFOVR3:povr06eas,PROMOCAL4:pagbXLbts,PROMOTYPE4:ptyp06bts,PROMOEFF4:peff06bts,PROMOEFFOVR4:povr06bts,PROMOCAL5:pagbXLcirc,PROMOTYPE5:ptyp06circ,PROMOEFF5:peff06circ,PROMOEFFOVR5:povr06circ,PROMOCAL6:pagbXLisd,PROMOTYPE6:ptyp06isd,PROMOEFF6:peff06isd,PROMOEFFOVR6:povr06isd,PROMOCAL7:pagbXLdml,PROMOTYPE7:ptyp06dml,PROMOEFF7:peff06dml,PROMOEFFOVR7:povr06dml,PROMOCAL8:pagbXLsgn,PROMOTYPE8:ptyp06sgn,PROMOEFF8:peff06sgn,PROMOEFFOVR8:povr06sgn,PROMOCAL9:pagbXLpprc,PROMOTYPE9:ptyp06pprc,PROMOEFF9:peff06pprc,PROMOEFFOVR9:povr06pprc)</value>
      </attribute>
    </data_model>
  </data_model>
  <data_model type="com.retek.ride.rule.newmodel.Rule">
    <attribute name="name">
      <value>PREF_load06c34</value>
    </attribute>
    <attribute name="description">
      <value>a rule</value>
    </attribute>
    <attribute name="creator">
      <value>Promote</value>
    </attribute>
    <data_model type="java.lang.String">
      <attribute name="name">
        <value>E0</value>
      </attribute>
      <attribute name="formula">
        <value>slffrcsthalocache06xb=slffrcsthalo06xb-slfliftfrcst06xb.total</value>
      </attribute>
    </data_model>
  </data_model>
  <data_model type="com.retek.ride.rule.newmodel.Rule">
    <attribute name="name">
      <value>PREF_load06c35</value>
    </attribute>
    <attribute name="description">
      <value>a rule</value>
    </attribute>
    <attribute name="creator">
      <value>Promote</value>
    </attribute>
    <data_model type="java.lang.String">
      <attribute name="name">
        <value>E0</value>
      </attribute>
      <attribute name="formula">
        <value>slffrcstcancache06xb=slffrcstcan06xb-slfliftfrcst06xb.total</value>
      </attribute>
    </data_model>
  </data_model>
  <data_model type="com.retek.ride.rule.newmodel.Rule">
    <attribute name="name">
      <value>PREF_load06c36</value>
    </attribute>
    <attribute name="description">
      <value>a rule</value>
    </attribute>
    <attribute name="creator">
      <value>Promote</value>
    </attribute>
    <data_model type="java.lang.String">
      <attribute name="name">
        <value>E0</value>
      </attribute>
      <attribute name="formula">
        <value>CROSS_LIFT:pmhalolifttp06xb&lt;-PromoCrossLift(EFF_MASK:apphaloeff.level([PROR].top).total,EFF_MATRIX:apphaloeff,FB_RATIO:frcstvsbasehalo06xb,FCST_START_INDEX:startindex,FCST_END_INDEX:endindex)</value>
      </attribute>
    </data_model>
  </data_model>
  <data_model type="com.retek.ride.rule.newmodel.Rule">
    <attribute name="name">
      <value>PREF_load06c37</value>
    </attribute>
    <attribute name="description">
      <value>a rule</value>
    </attribute>
    <attribute name="creator">
      <value>Promote</value>
    </attribute>
    <data_model type="java.lang.String">
      <attribute name="name">
        <value>E0</value>
      </attribute>
      <attribute name="formula">
        <value>CROSS_LIFT:pmcanlifttp06xb&lt;-PromoCrossLift(EFF_MASK:appcanneff.level([PROR].top).total,EFF_MATRIX:appcanneff,FB_RATIO:frcstvsbasecan06xb,FCST_START_INDEX:startindex,FCST_END_INDEX:endindex)</value>
      </attribute>
    </data_model>
  </data_model>
  <data_model type="com.retek.ride.rule.newmodel.Rule">
    <attribute name="name">
      <value>PREF_load06c38</value>
    </attribute>
    <attribute name="description">
      <value>a rule</value>
    </attribute>
    <attribute name="creator">
      <value>Promote</value>
    </attribute>
    <data_model type="java.lang.String">
      <attribute name="name">
        <value>E0</value>
      </attribute>
      <attribute name="formula">
        <value>pmhaloliftcache06xb=pmhalolift06xb/pmhalolifttp06xb</value>
      </attribute>
    </data_model>
  </data_model>
  <data_model type="com.retek.ride.rule.newmodel.Rule">
    <attribute name="name">
      <value>PREF_load06c39</value>
    </attribute>
    <attribute name="description">
      <value>a rule</value>
    </attribute>
    <attribute name="creator">
      <value>Promote</value>
    </attribute>
    <data_model type="java.lang.String">
      <attribute name="name">
        <value>E0</value>
      </attribute>
      <attribute name="formula">
        <value>pmcanliftcache06xb=pmcanlift06xb/pmcanlifttp06xb</value>
      </attribute>
    </data_model>
  </data_model>
  <data_model type="com.retek.ride.rule.newmodel.Rule">
    <attribute name="name">
      <value>PREF_load06c40</value>
    </attribute>
    <attribute name="description">
      <value>a rule</value>
    </attribute>
    <attribute name="creator">
      <value>Promote</value>
    </attribute>
    <data_model type="java.lang.String">
      <attribute name="name">
        <value>E0</value>
      </attribute>
      <attribute name="formula">
        <value>frcstvsbasecan06xb=frcstvsbasecan06xb.master</value>
      </attribute>
    </data_model>
  </data_model>
  <data_model type="com.retek.ride.rule.newmodel.Rule">
    <attribute name="name">
      <value>PREF_load06c41</value>
    </attribute>
    <attribute name="description">
      <value>a rule</value>
    </attribute>
    <attribute name="creator">
      <value>Promote</value>
    </attribute>
    <data_model type="java.lang.String">
      <attribute name="name">
        <value>E0</value>
      </attribute>
      <attribute name="formula">
        <value>frcstvsbasehalo06xb=frcstvsbasehalo06xb.master</value>
      </attribute>
    </data_model>
  </data_model>
</data_set>
