<oneoff_actions>
    <oracle.bi.bifndn version="11.1.1.7.0" opt_req="R">
        <jar name="analytics.ear:analytics.war" path="%ORACLE_HOME%/bifoundation/jee" class_name="/bifoundation/jee/analytics.ear/analytics.war/res/b_mozilla/common/ajax.js"/>
        <jar name="analytics.ear:analytics.war" path="%ORACLE_HOME%/bifoundation/jee" class_name="/bifoundation/jee/analytics.ear/analytics.war/res/b_mozilla/common/login.js"/>
        <jar name="analytics.ear:analytics.war" path="%ORACLE_HOME%/bifoundation/jee" class_name="/bifoundation/jee/analytics.ear/analytics.war/res/b_mozilla/common/obips.XMLHTTP.js"/>
        <jar name="analytics.ear:analytics.war" path="%ORACLE_HOME%/bifoundation/jee" class_name="/bifoundation/jee/analytics.ear/analytics.war/res/b_mozilla/kpis/obikpi.default.js"/>
        <jar name="analytics.ear:analytics.war" path="%ORACLE_HOME%/bifoundation/jee" class_name="/bifoundation/jee/analytics.ear/analytics.war/res/b_mozilla/prompts/obiprp.prompteditbox.js"/>
        <jar name="analytics.ear:analytics.war" path="%ORACLE_HOME%/bifoundation/jee" class_name="/bifoundation/jee/analytics.ear/analytics.war/res/b_mozilla/uicomponents/obips.Slider/obips.realslider.js"/>
        <jar name="analytics.ear:analytics.war" path="%ORACLE_HOME%/bifoundation/jee" class_name="/bifoundation/jee/analytics.ear/analytics.war/res/b_mozilla/uicomponents/obips.Slider/obips.slider.js"/>
        <jar name="analytics.ear:analytics.war" path="%ORACLE_HOME%/bifoundation/jee" class_name="/bifoundation/jee/analytics.ear/analytics.war/res/b_mozilla/views/map/obips.map.common.js"/>
        <jar name="analytics.ear:analytics.war" path="%ORACLE_HOME%/bifoundation/jee" class_name="/bifoundation/jee/analytics.ear/analytics.war/res/b_mozilla/views/pivot/pivotview.js"/>
        <jar name="analytics.ear:analytics.war" path="%ORACLE_HOME%/bifoundation/jee" class_name="/bifoundation/jee/analytics.ear/analytics.war/res/b_mozilla/views/pivot/scrollingpivotview.js"/>
        <jar name="analytics.ear:analytics.war" path="%ORACLE_HOME%/bifoundation/jee" class_name="/bifoundation/jee/analytics.ear/analytics.war/res/b_mozilla/webserviceproxies/obips.SessionService.js"/>
        <copy name="ajax.js" path="%ORACLE_HOME%/bifoundation/web/appv2/res/b_mozilla/common" file_name="bifoundation/web/appv2/res/b_mozilla/common/ajax.js"/>
        <copy name="login.js" path="%ORACLE_HOME%/bifoundation/web/appv2/res/b_mozilla/common" file_name="bifoundation/web/appv2/res/b_mozilla/common/login.js"/>
        <copy name="obips.XMLHTTP.js" path="%ORACLE_HOME%/bifoundation/web/appv2/res/b_mozilla/common" file_name="bifoundation/web/appv2/res/b_mozilla/common/obips.XMLHTTP.js"/>
        <copy name="obikpi.default.js" path="%ORACLE_HOME%/bifoundation/web/appv2/res/b_mozilla/kpis" file_name="bifoundation/web/appv2/res/b_mozilla/kpis/obikpi.default.js"/>
        <copy name="obiprp.prompteditbox.js" path="%ORACLE_HOME%/bifoundation/web/appv2/res/b_mozilla/prompts" file_name="bifoundation/web/appv2/res/b_mozilla/prompts/obiprp.prompteditbox.js"/>
        <copy name="obips.realslider.js" path="%ORACLE_HOME%/bifoundation/web/appv2/res/b_mozilla/uicomponents/obips.Slider" file_name="bifoundation/web/appv2/res/b_mozilla/uicomponents/obips.Slider/obips.realslider.js"/>
        <copy name="obips.slider.js" path="%ORACLE_HOME%/bifoundation/web/appv2/res/b_mozilla/uicomponents/obips.Slider" file_name="bifoundation/web/appv2/res/b_mozilla/uicomponents/obips.Slider/obips.slider.js"/>
        <copy name="obips.map.common.js" path="%ORACLE_HOME%/bifoundation/web/appv2/res/b_mozilla/views/map" file_name="bifoundation/web/appv2/res/b_mozilla/views/map/obips.map.common.js"/>
        <copy name="pivotview.js" path="%ORACLE_HOME%/bifoundation/web/appv2/res/b_mozilla/views/pivot" file_name="bifoundation/web/appv2/res/b_mozilla/views/pivot/pivotview.js"/>
        <copy name="scrollingpivotview.js" path="%ORACLE_HOME%/bifoundation/web/appv2/res/b_mozilla/views/pivot" file_name="bifoundation/web/appv2/res/b_mozilla/views/pivot/scrollingpivotview.js"/>
        <copy name="obips.SessionService.js" path="%ORACLE_HOME%/bifoundation/web/appv2/res/b_mozilla/webserviceproxies" file_name="bifoundation/web/appv2/res/b_mozilla/webserviceproxies/obips.SessionService.js"/>
        <copy name="Default.htm" path="%ORACLE_HOME%/bifoundation/web/msgdb/scorecard" file_name="bifoundation/web/msgdb/scorecard/Default.htm"/>
        <copy name="kpitemplates.xml" path="%ORACLE_HOME%/bifoundation/web/msgdb/messages" file_name="bifoundation/web/msgdb/messages/kpitemplates.xml"/>
    </oracle.bi.bifndn>
</oneoff_actions>