<?xml version="1.0" encoding="UTF-8"?>
<data_set type="WizardSet">
  <attribute name="name">
    <value>wizardset16</value>
  </attribute>
  <data_model type="Wizard">
    <attribute name="name">
      <value> pref </value>
    </attribute>
    <data_model type="WizardPage">
      <attribute name="name">
        <value>prefcslh</value>
      </attribute>
      <attribute name="Type">
        <value>PromoteTwoTreeWizard</value>
      </attribute>
      <attribute name="label">
        <value>Causal Level Selection</value>
      </attribute>
      <attribute name="Hier">
        <value>CSLH</value>
      </attribute>
      <attribute name="Dim">
        <value>prml</value>
      </attribute>
      <attribute name="lLabel">
        <value>Available Causal Levels</value>
      </attribute>
      <attribute name="rLabel">
        <value>Selected Causal Levels</value>
      </attribute>
      <attribute name="basedim">
        <value>prml</value>
      </attribute>
      <attribute name="restricted dim">
        <value>prml</value>
      </attribute>
      <attribute name="max pos">
        <value>1</value>
      </attribute>
      <attribute name="granularityX">
        <value>50</value>
      </attribute>
      <attribute name="granularityY">
        <value>50</value>
      </attribute>
    </data_model>
    <data_model type="WizardPage">
      <attribute name="name">
        <value>prefprmh</value>
      </attribute>
      <attribute name="Type">
        <value>PromoteTwoTreeWizard</value>
      </attribute>
      <attribute name="label">
        <value>Promotion Selection</value>
      </attribute>
      <attribute name="Hier">
        <value>PRMH</value>
      </attribute>
      <attribute name="Dim">
        <value>PRMO</value>
      </attribute>
      <attribute name="lLabel">
        <value>Available Promotions</value>
      </attribute>
      <attribute name="rLabel">
        <value>Selected Promotions</value>
      </attribute>
      <attribute name="basedim">
        <value>PRMO</value>
      </attribute>
      <attribute name="granularityX">
        <value>50</value>
      </attribute>
      <attribute name="granularityY">
        <value>50</value>
      </attribute>
    </data_model>
    <data_model type="WizardPage">
      <attribute name="name">
        <value>prefprod</value>
      </attribute>
      <attribute name="Type">
        <value>PromoteTwoTreeWizard</value>
      </attribute>
      <attribute name="label">
        <value>Production Selection</value>
      </attribute>
      <attribute name="Hier">
        <value>prod</value>
      </attribute>
      <attribute name="Dim">
        <value>item</value>
      </attribute>
      <attribute name="lLabel">
        <value>Available Product</value>
      </attribute>
      <attribute name="rLabel">
        <value>Selected Product</value>
      </attribute>
      <attribute name="basedim">
        <value>item</value>
      </attribute>
      <attribute name="granularityX">
        <value>50</value>
      </attribute>
      <attribute name="granularityY">
        <value>50</value>
      </attribute>
    </data_model>
    <data_model type="WizardPage">
      <attribute name="name">
        <value>prefloc</value>
      </attribute>
      <attribute name="Type">
        <value>PromoteTwoTreeWizard</value>
      </attribute>
      <attribute name="label">
        <value>Location Selection</value>
      </attribute>
      <attribute name="Hier">
        <value>loc</value>
      </attribute>
      <attribute name="Dim">
        <value>str</value>
      </attribute>
      <attribute name="lLabel">
        <value>Available Locations</value>
      </attribute>
      <attribute name="rLabel">
        <value>Selected Locations</value>
      </attribute>
      <attribute name="basedim">
        <value>str</value>
      </attribute>
      <attribute name="granularityX">
        <value>50</value>
      </attribute>
      <attribute name="granularityY">
        <value>50</value>
      </attribute>
    </data_model>
    <data_model type="WizardPage">
      <attribute name="name">
        <value>prefclnd</value>
      </attribute>
      <attribute name="Type">
        <value>PromoteTwoTreeWizard</value>
      </attribute>
      <attribute name="label">
        <value>Calendar Selection</value>
      </attribute>
      <attribute name="Hier">
        <value>clnd</value>
      </attribute>
      <attribute name="Dim">
        <value>week</value>
      </attribute>
      <attribute name="lLabel">
        <value>Available Calendar Positions</value>
      </attribute>
      <attribute name="rLabel">
        <value>Selected Calendar Positions</value>
      </attribute>
      <attribute name="basedim">
        <value>week</value>
      </attribute>
      <attribute name="granularityX">
        <value>50</value>
      </attribute>
      <attribute name="granularityY">
        <value>50</value>
      </attribute>
    </data_model>
  </data_model>
  <data_model type="Wizard">
    <attribute name="name">
      <value>prma</value>
    </attribute>
    <data_model type="WizardPage">
      <attribute name="name">
        <value>prmacslh</value>
      </attribute>
      <attribute name="Type">
        <value>PromoteTwoTreeWizard</value>
      </attribute>
      <attribute name="label">
        <value>Causal Level Selection</value>
      </attribute>
      <attribute name="Hier">
        <value>cslh</value>
      </attribute>
      <attribute name="Dim">
        <value>prml</value>
      </attribute>
      <attribute name="lLabel">
        <value>Available Causal Levels</value>
      </attribute>
      <attribute name="rLabel">
        <value>Selected Causal Level</value>
      </attribute>
      <attribute name="basedim">
        <value>prml</value>
      </attribute>
      <attribute name="restricted dim">
        <value>prml</value>
      </attribute>
      <attribute name="max pos">
        <value>1</value>
      </attribute>
      <attribute name="granularityX">
        <value>50</value>
      </attribute>
      <attribute name="granularityY">
        <value>50</value>
      </attribute>
    </data_model>
    <data_model type="WizardPage">
      <attribute name="name">
        <value>prmaprmh</value>
      </attribute>
      <attribute name="Type">
        <value>PromoteTwoTreeWizard</value>
      </attribute>
      <attribute name="label">
        <value>Promotion Selection</value>
      </attribute>
      <attribute name="Hier">
        <value>prmh</value>
      </attribute>
      <attribute name="Dim">
        <value>prmo</value>
      </attribute>
      <attribute name="lLabel">
        <value>Available Promotions</value>
      </attribute>
      <attribute name="rLabel">
        <value>Selected Promotions</value>
      </attribute>
      <attribute name="basedim">
        <value>prmo</value>
      </attribute>
      <attribute name="granularityX">
        <value>50</value>
      </attribute>
      <attribute name="granularityY">
        <value>50</value>
      </attribute>
    </data_model>
    <data_model type="WizardPage">
      <attribute name="name">
        <value>prmaprod</value>
      </attribute>
      <attribute name="Type">
        <value>PromoteTwoTreeWizard</value>
      </attribute>
      <attribute name="label">
        <value>Product Selection</value>
      </attribute>
      <attribute name="Hier">
        <value>prod</value>
      </attribute>
      <attribute name="Dim">
        <value>item</value>
      </attribute>
      <attribute name="lLabel">
        <value>Available Products</value>
      </attribute>
      <attribute name="rLabel">
        <value>Selected Products</value>
      </attribute>
      <attribute name="basedim">
        <value>item</value>
      </attribute>
      <attribute name="granularityX">
        <value>50</value>
      </attribute>
      <attribute name="granularityY">
        <value>50</value>
      </attribute>
    </data_model>
    <data_model type="WizardPage">
      <attribute name="name">
        <value>prmaloc</value>
      </attribute>
      <attribute name="Type">
        <value>PromoteTwoTreeWizard</value>
      </attribute>
      <attribute name="label">
        <value>Location Selection</value>
      </attribute>
      <attribute name="Hier">
        <value>loc</value>
      </attribute>
      <attribute name="Dim">
        <value>str</value>
      </attribute>
      <attribute name="lLabel">
        <value>Available Locations</value>
      </attribute>
      <attribute name="rLabel">
        <value>Selected Locations</value>
      </attribute>
      <attribute name="basedim">
        <value>str</value>
      </attribute>
      <attribute name="granularityX">
        <value>50</value>
      </attribute>
      <attribute name="granularityY">
        <value>50</value>
      </attribute>
    </data_model>
  </data_model>
  <data_model type="Wizard">
    <attribute name="name">
      <value>prpl</value>
    </attribute>
    <data_model type="WizardPage">
      <attribute name="name">
        <value>PRPLPRMO</value>
      </attribute>
      <attribute name="Type">
        <value>PromoteTwoTreeWizard</value>
      </attribute>
      <attribute name="label">
        <value>Promotion Selection</value>
      </attribute>
      <attribute name="Hier">
        <value>PRMH</value>
      </attribute>
      <attribute name="Dim">
        <value>PRMO</value>
      </attribute>
      <attribute name="lLabel">
        <value>Available Promotions</value>
      </attribute>
      <attribute name="rLabel">
        <value>Selected Promotions</value>
      </attribute>
      <attribute name="basedim">
        <value>PRMO</value>
      </attribute>
      <attribute name="granularityX">
        <value>50</value>
      </attribute>
      <attribute name="granularityY">
        <value>50</value>
      </attribute>
    </data_model>
    <data_model type="WizardPage">
      <attribute name="name">
        <value>PRPLPROD</value>
      </attribute>
      <attribute name="Type">
        <value>PromoteTwoTreeWizard</value>
      </attribute>
      <attribute name="label">
        <value>Product Selection</value>
      </attribute>
      <attribute name="Hier">
        <value>Prod</value>
      </attribute>
      <attribute name="Dim">
        <value>item</value>
      </attribute>
      <attribute name="lLabel">
        <value>Available Product</value>
      </attribute>
      <attribute name="rLabel">
        <value>Selected Product</value>
      </attribute>
      <attribute name="basedim">
        <value>item</value>
      </attribute>
      <attribute name="granularityX">
        <value>50</value>
      </attribute>
      <attribute name="granularityY">
        <value>50</value>
      </attribute>
    </data_model>
    <data_model type="WizardPage">
      <attribute name="name">
        <value>PRPLLOC</value>
      </attribute>
      <attribute name="Type">
        <value>PromoteTwoTreeWizard</value>
      </attribute>
      <attribute name="label">
        <value>lLocation Selection</value>
      </attribute>
      <attribute name="Hier">
        <value>loc</value>
      </attribute>
      <attribute name="Dim">
        <value>str</value>
      </attribute>
      <attribute name="lLabel">
        <value>Available Locations</value>
      </attribute>
      <attribute name="rLabel">
        <value>Selected Locations</value>
      </attribute>
      <attribute name="basedim">
        <value>str</value>
      </attribute>
      <attribute name="granularityX">
        <value>50</value>
      </attribute>
      <attribute name="granularityY">
        <value>50</value>
      </attribute>
    </data_model>
    <data_model type="WizardPage">
      <attribute name="name">
        <value>PRPLCLND</value>
      </attribute>
      <attribute name="Type">
        <value>PromoteTwoTreeWizard</value>
      </attribute>
      <attribute name="label">
        <value>Calendar Selection</value>
      </attribute>
      <attribute name="Hier">
        <value>clnd</value>
      </attribute>
      <attribute name="Dim">
        <value>day</value>
      </attribute>
      <attribute name="lLabel">
        <value>Available Calendar</value>
      </attribute>
      <attribute name="rLabel">
        <value>Selected Calendar</value>
      </attribute>
      <attribute name="basedim">
        <value>day</value>
      </attribute>
      <attribute name="granularityX">
        <value>50</value>
      </attribute>
      <attribute name="granularityY">
        <value>50</value>
      </attribute>
    </data_model>
  </data_model>
</data_set>
